flex1,flex2,flex3,flex4,flex5,gyroRotX,gyroRotY,gyroRotZ,gyroAccX,gyroAccY,gyroAccZ,Phrase
112,71,112,143,100,-8.15,1.69,-5.42,-0.10,-0.07,0.01,rock
113,77,112,143,100,-8.30,1.81,-5.37,-0.05,0.10,0.03,rock
112,81,112,142,100,-8.15,1.91,-5.13,-0.07,0.06,0.12,rock
112,69,113,142,100,-8.69,1.97,-5.38,-0.15,0.21,-0.04,rock
111,78,113,143,100,-8.63,1.92,-5.57,-0.34,-0.04,0.03,rock
108,80,111,142,99,-8.35,1.77,-5.33,-0.13,-0.06,0.06,rock
110,71,113,143,101,-8.20,1.82,-5.26,-0.16,0.02,0.05,rock
111,80,113,143,101,-7.81,1.77,-5.08,-0.02,0.06,0.08,rock
111,79,112,142,100,-8.48,1.60,-5.51,0.02,0.06,0.07,rock
112,73,113,142,100,-7.96,2.14,-5.48,-0.02,-0.09,0.16,rock
112,81,113,143,101,-8.05,2.12,-5.53,0.03,0.04,0.11,rock
113,76,112,142,100,-7.83,1.92,-5.56,-0.04,0.07,0.04,rock
112,74,112,143,100,-7.74,2.13,-5.82,-0.04,0.05,-0.02,rock
112,81,112,143,100,-8.21,2.00,-5.71,-0.13,0.09,-0.14,rock
111,74,111,142,100,-8.09,2.01,-5.46,-0.08,-0.06,-0.08,rock
112,75,112,143,101,-7.94,2.01,-5.70,-0.01,-0.06,0.02,rock
112,84,112,143,101,-8.03,2.11,-5.77,-0.09,-0.18,0.01,rock
112,72,114,142,101,-7.94,2.02,-5.49,-0.16,-0.12,-0.04,rock
112,316,113,143,101,-8.03,1.70,-5.67,-0.17,0.10,0.01,rock
112,76,114,143,101,-7.28,2.09,-5.11,-0.34,-0.26,0.09,rock
112,81,114,142,101,-8.72,2.12,-5.82,0.12,0.24,-0.02,rock
112,69,114,143,101,-7.75,2.74,-5.54,0.03,0.20,-0.20,rock
113,79,114,143,102,-8.23,1.94,-6.09,0.02,0.05,-0.21,rock
113,81,114,143,101,-8.66,1.48,-6.62,-0.08,-0.03,-0.19,rock
113,70,114,143,101,-8.29,1.16,-6.21,-0.12,-0.03,-0.13,rock
113,80,114,143,101,-8.69,1.59,-6.04,-0.09,-0.09,-0.02,rock
112,80,113,142,101,-8.21,1.23,-5.90,-0.15,-0.20,0.08,rock
113,81,114,143,102,-8.08,1.49,-5.30,-0.13,0.05,0.02,rock
113,78,114,142,101,-8.25,1.52,-5.43,-0.11,-0.01,0.01,rock
112,74,114,142,101,-8.20,1.30,-5.30,-0.10,-0.03,0.04,rock
113,81,114,142,102,-8.09,1.51,-5.57,-0.06,0.08,-0.03,rock
112,75,113,142,101,-8.41,1.53,-5.67,-0.14,-0.07,0.04,rock
113,73,114,142,101,-8.01,1.48,-5.52,-0.11,-0.09,0.05,rock
112,71,114,143,104,-8.20,1.72,-5.45,-0.09,0.04,-0.01,rock
113,81,114,143,104,-8.23,1.66,-5.45,-0.12,-0.00,-0.03,rock
113,79,114,142,104,-8.42,1.47,-5.71,-0.12,-0.01,-0.02,rock
113,73,114,142,104,-8.30,1.51,-5.48,-0.14,-0.02,0.03,rock
113,80,114,143,105,-8.29,1.54,-5.54,-0.10,0.00,0.02,rock
113,76,110,142,105,-8.38,1.61,-5.63,-0.09,0.02,0.04,rock
113,74,111,143,106,-8.20,1.66,-5.50,-0.11,0.00,0.03,rock
113,82,113,143,106,-8.06,1.70,-5.47,-0.12,-0.02,0.04,rock
113,73,113,143,106,-8.11,1.68,-5.56,-0.13,-0.04,0.00,rock
114,75,115,143,108,-8.44,1.61,-5.69,-0.13,0.00,0.05,rock
113,85,114,143,108,-8.04,1.54,-5.60,-0.15,0.01,0.02,rock
113,71,114,142,108,-8.69,1.78,-5.62,-0.20,0.11,0.11,rock
113,76,114,143,109,-8.07,1.76,-5.52,-0.14,0.26,0.20,rock
113,85,114,142,109,-8.26,2.08,-5.83,-0.21,0.10,0.22,rock
113,72,114,142,109,-8.07,2.29,-6.14,-0.21,0.30,0.31,rock
113,77,115,142,109,-6.91,2.48,-5.53,-0.17,-0.30,0.17,rock
113,82,114,142,109,-8.10,2.61,-5.56,-0.19,-0.24,0.16,rock
113,71,114,142,110,-8.61,2.52,-5.20,-0.18,-0.04,0.13,rock
113,79,115,142,111,-7.48,2.73,-5.12,0.01,0.07,-0.11,rock
115,77,113,142,80,-8.41,1.97,-5.17,-0.01,0.03,0.10,rock
115,74,114,143,89,-8.37,2.21,-5.23,-0.08,0.19,0.10,rock
116,81,114,143,96,-8.97,1.73,-5.88,-0.07,0.44,-0.11,rock
115,74,114,142,98,-8.31,2.26,-5.06,-0.09,0.06,-0.07,rock
116,75,115,143,100,-8.54,2.06,-5.27,-0.02,0.04,-0.12,rock
115,84,114,143,99,-7.92,1.95,-5.07,-0.03,-0.09,-0.05,rock
115,72,114,143,99,-7.95,1.98,-5.47,-0.11,-0.13,0.05,rock
116,75,115,144,99,-8.15,1.90,-5.11,-0.25,-0.08,0.04,rock
115,86,114,143,100,-8.39,1.83,-5.06,-0.18,-0.04,0.06,rock
115,71,114,143,100,-7.94,2.05,-4.91,-0.00,0.10,-0.00,rock
116,77,115,144,100,-8.10,1.74,-5.31,-0.09,-0.02,0.03,rock
115,83,115,143,101,-8.05,1.95,-5.30,-0.07,-0.07,0.17,rock
115,71,115,143,101,-8.26,2.10,-5.18,-0.15,0.01,0.10,rock
116,77,116,144,101,-7.93,2.30,-5.30,-0.13,0.06,0.01,rock
115,82,116,143,101,-7.79,2.38,-5.27,-0.19,-0.10,-0.10,rock
115,69,115,144,101,-7.91,2.42,-5.22,-0.06,-0.09,-0.12,rock
117,79,116,144,102,-8.20,2.26,-5.35,-0.07,0.02,-0.04,rock
115,80,115,144,101,-7.73,1.98,-5.34,-0.07,-0.02,-0.02,rock
115,71,115,144,101,-7.64,1.89,-5.43,-0.05,0.03,0.00,rock
116,80,115,144,102,-8.13,2.05,-5.47,-0.09,-0.03,-0.02,rock
115,78,115,143,102,-7.92,2.17,-5.54,-0.05,-0.01,0.02,rock
116,72,116,144,102,-7.78,1.98,-5.50,-0.06,0.00,-0.02,rock
116,80,115,144,102,-8.31,2.06,-5.76,-0.09,0.07,-0.01,rock
115,78,115,143,101,-7.95,1.85,-5.52,-0.12,0.04,-0.05,rock
115,74,116,144,102,-8.12,1.92,-5.50,-0.12,-0.05,-0.02,rock
115,81,115,144,102,-7.94,1.94,-5.53,-0.08,-0.07,0.05,rock
115,74,115,144,101,-7.79,1.86,-5.56,-0.06,-0.05,0.03,rock
116,74,115,144,102,-7.90,1.98,-5.51,-0.05,-0.01,-0.03,rock
115,83,115,144,102,-8.08,1.88,-5.62,-0.11,-0.01,-0.07,rock
115,72,115,144,102,-8.51,1.84,-5.81,-0.09,-0.01,-0.02,rock
116,75,116,144,102,-8.26,1.75,-5.77,-0.12,-0.04,0.00,rock
115,85,116,144,102,-8.23,1.80,-5.66,-0.05,0.07,0.02,rock
115,71,115,144,101,-8.15,1.83,-5.53,-0.08,0.05,0.06,rock
116,75,116,144,103,-7.87,1.85,-5.60,-0.08,-0.04,0.06,rock
115,83,115,143,102,-8.05,1.90,-5.57,-0.10,0.02,0.02,rock
115,70,115,144,102,-8.08,1.90,-5.60,-0.13,-0.04,0.01,rock
115,77,116,144,102,-8.20,1.80,-5.84,-0.17,-0.06,0.02,rock
115,82,116,144,102,-8.16,1.77,-5.69,-0.12,-0.04,0.05,rock
115,68,116,144,102,-8.16,1.78,-5.62,-0.10,-0.02,0.04,rock
115,78,116,144,103,-7.96,1.79,-5.66,-0.09,0.03,-0.02,rock
115,80,116,144,102,-7.89,1.81,-5.58,-0.06,-0.01,-0.01,rock
113,70,116,144,102,-8.04,1.87,-5.69,-0.10,-0.03,0.02,rock
115,79,116,144,103,-8.07,1.76,-5.71,-0.11,-0.00,0.04,rock
114,78,115,144,102,-7.93,1.73,-5.54,-0.10,-0.03,0.00,rock
115,70,116,144,102,-8.03,1.63,-5.56,-0.08,-0.02,-0.00,rock
114,80,116,144,103,-7.96,1.62,-5.54,-0.06,0.11,-0.01,rock
113,76,115,144,102,-8.06,1.73,-5.66,-0.07,0.01,0.04,rock
114,71,116,144,103,-8.02,1.73,-5.66,-0.07,0.01,0.04,rock
114,79,116,144,102,-8.07,1.82,-5.88,-0.09,0.02,0.03,rock
114,73,116,144,102,-7.99,1.81,-5.90,-0.16,-0.02,-0.00,rock
115,73,116,144,103,-8.01,1.83,-5.76,-0.14,-0.03,-0.01,rock
115,81,116,144,103,-8.01,1.64,-5.77,-0.17,-0.06,-0.02,rock
114,72,115,144,102,-8.22,1.71,-5.58,-0.15,-0.01,0.02,rock
115,74,117,144,103,-8.03,1.74,-5.84,-0.10,0.02,-0.01,rock
114,83,116,144,103,-8.03,1.81,-5.77,-0.12,0.00,-0.01,rock
114,70,116,144,102,-7.92,1.89,-5.86,-0.10,-0.06,0.02,rock
114,75,116,145,103,-8.01,1.71,-5.90,-0.12,0.03,-0.01,rock
114,83,116,144,102,-8.13,1.73,-5.65,-0.18,-0.05,-0.02,rock
114,70,116,144,102,-8.13,1.68,-5.77,-0.13,-0.04,0.00,rock
114,75,116,144,103,-8.03,1.61,-5.81,-0.13,-0.01,0.03,rock
114,81,116,144,103,-8.22,1.74,-5.80,-0.11,-0.01,-0.01,rock
114,68,116,144,103,-8.15,1.76,-5.70,-0.10,-0.01,0.02,rock
115,78,117,144,103,-8.09,1.74,-5.66,-0.11,-0.02,0.01,rock
114,79,116,144,103,-8.25,1.80,-5.79,-0.12,-0.01,0.02,rock
115,69,116,144,103,-8.37,1.76,-5.82,-0.11,0.01,0.01,rock
115,79,117,144,103,-8.20,1.70,-5.69,-0.13,-0.02,0.03,rock
114,78,116,144,103,-7.97,1.75,-5.48,-0.11,-0.02,0.04,rock
114,70,116,144,103,-7.96,1.76,-5.60,-0.10,-0.03,0.03,rock
114,80,116,145,103,-8.03,1.88,-5.57,-0.09,-0.02,0.02,rock
115,76,116,144,103,-8.13,1.76,-5.65,-0.11,-0.02,0.01,rock
114,73,117,144,103,-8.12,1.75,-5.73,-0.08,-0.01,0.02,rock
114,80,116,144,103,-8.08,1.80,-5.56,-0.10,-0.02,0.01,rock
114,73,116,143,103,-8.08,1.79,-5.54,-0.09,-0.00,0.04,rock
115,75,117,145,103,-8.09,1.94,-5.56,-0.10,-0.01,0.02,rock
115,83,116,144,104,-8.13,1.89,-5.63,-0.14,-0.04,0.01,rock
115,72,116,144,103,-7.99,1.80,-5.59,-0.13,-0.04,0.02,rock
115,74,117,144,104,-7.92,1.84,-5.51,-0.11,-0.03,0.01,rock
115,85,117,143,103,-8.01,1.82,-5.59,-0.12,-0.06,0.02,rock
114,70,116,144,103,-8.09,1.81,-5.60,-0.09,-0.01,0.04,rock
115,74,117,144,103,-8.06,1.92,-5.63,-0.07,-0.03,0.04,rock
115,83,116,144,103,-8.12,1.92,-5.74,-0.11,-0.00,0.02,rock
115,70,117,144,103,-8.23,1.85,-5.60,-0.13,-0.03,0.03,rock
116,77,117,145,103,-8.06,1.74,-5.68,-0.11,-0.00,0.01,rock
114,80,116,143,104,-8.15,1.80,-5.58,-0.12,-0.02,0.02,rock
114,68,117,144,104,-8.09,1.80,-5.66,-0.12,-0.04,0.04,rock
115,78,117,144,104,-8.01,1.81,-5.65,-0.11,0.00,0.01,rock
114,80,116,144,103,-8.19,1.83,-5.55,-0.12,0.03,0.01,rock
115,69,117,144,104,-8.12,1.82,-5.51,-0.10,0.03,0.02,rock
115,80,117,145,104,-8.12,1.83,-5.74,-0.10,-0.02,0.01,rock
114,78,116,144,103,-8.06,2.00,-5.61,-0.10,-0.04,0.03,rock
115,71,117,145,104,-8.09,1.83,-5.59,-0.12,-0.01,-0.00,rock
115,79,117,144,104,-8.05,1.73,-5.60,-0.11,-0.03,0.00,rock
115,77,116,144,103,-8.13,1.87,-5.66,-0.12,-0.02,0.01,rock
115,72,116,144,105,-8.04,1.89,-5.68,-0.09,-0.01,0.04,rock
115,80,117,144,104,-7.87,1.88,-5.61,-0.11,-0.05,0.03,rock
115,73,116,144,103,-8.00,2.02,-5.75,-0.11,0.01,-0.01,rock
115,73,117,144,104,-8.34,1.65,-5.85,-0.20,-0.12,0.05,rock
115,83,117,144,104,-8.00,1.69,-5.45,-0.08,0.08,0.05,rock
115,72,116,144,104,-7.73,1.92,-5.45,-0.07,-0.10,0.07,rock
115,74,117,144,105,-8.03,2.05,-5.28,-0.12,-0.10,0.09,rock
115,85,117,144,104,-8.18,2.08,-5.47,-0.12,-0.08,0.17,rock
115,70,116,144,104,-8.00,2.18,-5.79,-0.13,0.14,0.03,rock
115,76,117,145,105,-8.05,1.70,-6.05,-0.20,0.11,0.10,rock
115,83,116,144,104,-7.75,2.14,-5.65,-0.14,-0.20,0.14,rock
115,70,116,144,104,-7.84,2.37,-5.95,-0.17,-0.26,0.12,rock
116,77,117,145,104,-7.62,2.70,-5.67,-0.13,-0.26,0.06,rock
115,81,117,144,104,-8.23,2.95,-5.91,-0.06,-0.10,0.05,rock
115,69,117,143,104,-8.13,2.52,-5.58,-0.04,0.04,-0.08,rock
115,80,117,145,105,-8.03,2.28,-5.54,-0.01,-0.02,-0.05,rock
115,79,117,144,104,-8.55,2.22,-5.59,0.07,-0.01,0.14,rock
115,70,117,144,104,-8.11,2.17,-5.53,0.00,0.14,-0.02,rock
115,80,114,145,104,-7.77,1.91,-5.44,-0.01,0.09,0.03,rock
115,78,117,144,104,-7.53,2.24,-5.64,-0.03,-0.03,0.00,rock
116,72,117,144,104,-7.57,2.20,-5.46,-0.01,-0.19,0.07,rock
116,80,117,144,105,-7.45,2.20,-5.59,-0.05,-0.20,0.09,rock
116,76,117,144,104,-7.74,2.16,-5.76,-0.16,-0.28,0.01,rock
116,74,117,144,105,-7.90,1.96,-5.41,-0.10,-0.07,-0.03,rock
116,81,118,144,105,-8.49,2.41,-5.77,-0.08,0.06,0.13,rock
114,73,117,144,104,-8.46,2.23,-5.64,-0.11,0.06,0.12,rock
116,75,118,144,104,-7.66,2.03,-5.45,-0.14,-0.09,0.16,rock
116,84,118,144,104,-7.14,2.55,-5.35,-0.11,-0.16,0.01,rock
116,72,117,144,104,-7.93,2.61,-5.40,-0.06,0.06,-0.18,rock
115,75,118,144,105,-8.25,2.29,-5.77,0.08,0.44,-0.39,rock
116,76,117,144,105,-6.97,1.64,-5.79,-0.20,0.26,-0.45,rock
116,84,117,144,104,-6.28,1.81,-5.89,-0.16,0.15,-0.23,rock
115,70,117,144,104,-6.92,1.34,-5.82,-0.35,0.10,-0.25,rock
113,80,117,144,104,-8.28,1.19,-5.81,-0.35,-0.09,-0.10,rock
114,69,118,145,105,-8.37,0.57,-5.45,-0.39,-0.10,-0.26,rock
117,81,121,147,108,-8.40,1.14,-5.81,0.02,-0.05,0.11,rock
120,83,122,149,110,-7.10,1.59,-5.88,0.00,-0.07,0.18,rock
132,88,134,162,123,-7.45,1.22,-6.22,-0.06,0.06,0.05,rock
144,110,147,173,136,-7.53,1.26,-5.91,-0.05,0.36,-0.17,rock
149,115,152,180,141,-7.96,0.99,-6.64,-0.10,-0.11,-0.22,rock
152,111,155,180,143,-7.93,0.64,-6.32,-0.18,-0.13,0.03,rock
156,123,159,183,146,-7.98,0.70,-6.36,-0.10,-0.14,0.15,rock
164,133,159,192,157,-8.04,1.41,-6.03,-0.16,-0.14,0.10,rock
173,134,170,197,164,-7.44,1.01,-6.07,-0.02,-0.09,0.16,rock
172,133,175,199,165,-7.60,1.19,-5.87,-0.09,0.09,-0.01,rock
171,144,167,197,164,-7.95,1.14,-6.00,0.00,-0.17,0.08,rock
171,128,167,198,162,-8.16,1.52,-6.16,0.05,-0.07,0.13,rock
171,133,163,200,163,-7.99,1.49,-6.61,-0.09,-0.05,0.04,rock
170,142,171,199,164,-7.74,1.22,-6.01,-0.15,-0.08,0.06,rock
172,126,160,198,162,-7.76,1.25,-5.80,-0.12,0.08,0.10,rock
168,132,174,196,162,-7.79,1.46,-6.16,-0.10,-0.05,0.04,rock
166,133,168,195,159,-8.54,1.47,-6.34,-0.11,0.05,-0.04,rock
165,123,169,194,164,-8.13,1.47,-6.11,-0.11,0.08,-0.02,rock
170,137,172,197,169,-8.01,1.20,-5.82,-0.14,-0.02,-0.06,rock
169,138,173,199,168,-8.07,1.27,-5.77,-0.15,0.05,-0.03,rock
173,125,172,196,169,-8.17,1.17,-6.27,-0.21,-0.18,0.09,rock
170,136,168,197,170,-7.20,1.81,-5.65,-0.27,0.10,0.12,rock
169,131,171,196,170,-8.14,2.03,-6.31,-0.32,0.06,-0.10,rock
170,128,170,196,169,-8.71,2.06,-5.70,-0.09,0.09,0.16,rock
168,137,170,195,169,-6.79,2.25,-6.38,-0.06,0.11,0.08,rock
170,129,171,196,169,-7.54,2.15,-6.00,0.08,0.04,-0.01,rock
169,129,170,195,164,-7.17,1.74,-5.80,-0.02,-0.06,-0.06,rock
168,132,171,195,157,-8.02,1.21,-6.33,-0.16,-0.15,-0.10,rock
163,125,167,189,143,-8.71,1.53,-6.99,-0.29,-0.09,-0.03,rock
164,126,163,189,134,-8.37,1.18,-6.66,-0.25,-0.07,-0.10,rock
161,125,164,189,136,-8.12,0.98,-6.82,-0.15,0.08,-0.08,rock
162,124,163,188,128,-7.85,1.37,-6.27,0.09,0.01,0.04,rock
161,123,137,186,127,-8.72,1.47,-6.27,0.14,0.30,0.02,rock
160,123,162,186,132,-8.82,1.88,-6.10,-0.11,-0.14,0.19,rock
157,124,159,185,139,-7.48,1.71,-6.05,0.07,0.05,0.06,rock
158,110,160,185,139,-7.96,1.81,-6.28,-0.11,-0.04,0.03,rock
157,122,160,185,138,-7.78,1.70,-6.22,-0.10,-0.05,0.11,rock
158,113,159,184,139,-8.05,1.58,-6.10,-0.14,0.02,0.00,rock
159,122,161,183,136,-7.71,1.74,-5.48,-0.11,-0.12,0.05,rock
156,121,157,184,133,-7.82,1.81,-5.83,-0.11,-0.25,0.07,rock
154,114,158,184,133,-7.72,1.68,-6.23,-0.13,-0.09,0.03,rock
156,122,158,183,133,-8.14,1.70,-6.09,-0.11,0.06,0.04,rock
156,117,158,184,132,-8.05,1.77,-5.97,-0.07,0.04,0.03,rock
156,115,159,183,134,-7.93,1.86,-5.79,-0.09,-0.03,0.01,rock
156,123,158,182,133,-8.16,1.81,-6.06,-0.16,0.01,0.02,rock
156,113,157,181,132,-8.15,1.65,-5.69,-0.22,-0.12,0.03,rock
158,114,159,183,134,-8.37,1.38,-5.75,-0.24,-0.15,0.09,rock
157,127,159,182,133,-8.85,2.12,-6.28,0.13,0.80,-0.06,rock
156,112,157,182,133,-8.03,2.20,-5.38,-0.27,-0.16,-0.00,rock
156,115,160,183,134,-8.16,2.36,-4.97,-0.05,-0.49,0.24,rock
155,125,158,184,133,-7.99,1.48,-5.96,-0.07,-0.12,0.09,rock
157,111,156,185,138,-7.99,1.81,-5.67,0.01,0.02,0.06,rock
155,117,159,182,137,-8.20,2.14,-5.56,-0.01,0.05,0.00,rock
156,122,157,183,140,-8.05,1.90,-5.72,-0.04,-0.02,-0.08,rock
156,110,158,184,141,-8.09,1.95,-5.76,-0.11,-0.06,0.05,rock
156,121,159,183,141,-7.83,1.81,-5.78,-0.12,-0.03,0.01,rock
155,120,159,181,138,-7.93,1.85,-5.72,-0.09,-0.02,-0.02,rock
156,114,159,183,134,-7.84,2.06,-5.95,-0.10,0.06,0.00,rock
155,123,157,183,132,-8.26,2.16,-5.99,-0.11,0.12,-0.01,rock
154,118,156,182,130,-8.52,1.85,-6.28,-0.21,0.09,-0.00,rock
154,113,158,181,131,-8.92,1.27,-6.08,-0.18,0.07,-0.08,rock
157,121,157,182,132,-9.01,1.98,-4.94,0.00,-0.22,0.19,rock
156,114,157,181,128,-7.85,1.72,-6.08,-0.06,-0.17,0.08,rock
156,115,156,181,134,-8.71,1.95,-6.75,-0.09,0.23,0.02,rock
155,122,158,182,139,-8.06,1.92,-5.73,-0.11,-0.02,0.05,rock
155,113,158,182,138,-8.09,2.05,-5.96,-0.14,0.11,-0.01,rock
156,115,156,184,140,-7.98,2.27,-5.48,-0.08,0.04,0.04,rock
155,125,158,181,140,-7.95,2.07,-5.55,-0.14,-0.04,0.01,rock
154,112,157,182,142,-8.06,2.13,-5.67,-0.10,0.03,0.01,rock
156,118,155,183,142,-8.01,2.10,-5.90,-0.10,-0.05,0.02,rock
154,124,157,183,138,-7.66,2.26,-5.84,-0.14,-0.04,0.02,rock
155,109,157,182,141,-8.23,2.06,-5.69,-0.12,0.03,0.01,rock
154,121,158,182,141,-8.07,2.04,-5.74,-0.16,-0.04,-0.02,rock
154,123,158,182,141,-7.93,1.93,-5.68,-0.12,-0.03,-0.00,rock
156,109,157,183,140,-8.23,2.07,-5.77,-0.08,0.01,0.08,rock
153,121,158,182,143,-7.58,2.20,-5.50,-0.06,-0.14,0.08,rock
156,122,156,180,141,-7.74,2.22,-5.63,-0.09,-0.06,0.02,rock
154,110,157,183,142,-7.92,2.36,-5.79,-0.07,0.00,0.03,rock
157,121,158,182,141,-7.78,2.14,-5.93,-0.11,-0.06,-0.02,rock
156,119,156,181,141,-7.96,2.04,-5.69,-0.19,-0.05,-0.04,rock
154,115,157,184,142,-8.15,1.96,-5.69,-0.11,0.00,-0.01,rock
155,121,159,183,140,-7.94,2.16,-5.58,-0.06,0.04,0.04,rock
154,115,157,182,141,-7.66,2.41,-5.88,-0.04,-0.03,-0.01,rock
154,115,159,181,142,-8.08,2.15,-5.82,-0.12,0.02,-0.01,rock
155,125,156,182,142,-7.92,2.16,-5.66,-0.07,-0.04,0.01,rock
154,112,157,183,141,-8.07,2.05,-5.65,-0.10,-0.02,0.01,rock
155,115,158,182,141,-7.87,2.08,-5.50,-0.11,-0.04,0.01,rock
153,127,157,182,142,-7.95,2.15,-5.58,-0.09,-0.04,0.04,rock
155,111,157,182,141,-8.09,2.22,-5.87,-0.11,0.04,0.02,rock
153,118,157,181,142,-8.07,2.19,-5.77,-0.15,0.00,0.02,rock
155,123,158,182,140,-7.75,2.21,-5.61,-0.10,-0.06,0.04,rock
154,109,156,183,141,-8.05,2.15,-5.58,-0.09,-0.02,0.01,rock
157,118,160,183,141,-7.91,2.24,-5.72,-0.11,-0.00,0.01,rock
154,120,156,181,141,-8.08,2.11,-5.65,-0.10,0.01,0.02,rock
153,110,159,184,140,-8.12,2.23,-5.85,-0.14,0.03,-0.00,rock
156,121,157,183,142,-8.17,2.11,-5.70,-0.15,-0.01,0.03,rock
155,119,157,181,141,-8.04,2.05,-5.73,-0.12,0.01,0.03,rock
153,112,157,183,142,-8.12,2.09,-5.66,-0.11,-0.02,0.01,rock
155,120,157,183,142,-8.02,2.26,-5.72,-0.08,-0.01,0.03,rock
155,117,157,184,141,-7.85,2.21,-5.55,-0.10,-0.02,0.01,rock
154,114,158,183,142,-7.80,2.21,-5.69,-0.11,-0.01,-0.00,rock
154,121,158,182,142,-8.00,2.30,-5.57,-0.11,0.02,0.01,rock
155,112,156,181,142,-8.07,2.11,-5.80,-0.15,0.02,-0.01,rock
155,115,158,184,143,-8.06,2.20,-5.78,-0.12,-0.00,0.01,rock
152,124,157,184,141,-7.86,2.15,-5.75,-0.11,-0.03,0.03,rock
154,112,157,182,141,-7.73,2.12,-5.69,-0.09,-0.03,0.01,rock
156,116,158,183,142,-7.95,2.23,-5.70,-0.06,0.00,0.02,rock
154,126,158,181,142,-7.88,2.26,-5.75,-0.07,-0.00,0.02,rock
154,110,158,181,141,-7.88,2.23,-5.83,-0.11,-0.03,0.00,rock
154,116,157,181,142,-8.05,2.17,-5.85,-0.15,-0.02,-0.01,rock
153,122,158,182,140,-8.01,2.14,-5.90,-0.15,-0.02,0.01,rock
154,110,157,181,142,-7.93,2.06,-5.87,-0.12,0.01,0.01,rock
155,116,159,182,141,-7.83,2.19,-5.70,-0.09,-0.03,-0.05,rock
153,121,158,182,142,-8.18,2.05,-5.69,-0.06,-0.01,0.01,rock
156,108,157,183,141,-8.10,2.02,-5.84,-0.10,-0.06,0.05,rock
155,120,158,182,143,-7.75,2.22,-5.59,-0.12,-0.04,0.03,rock
156,119,158,182,141,-8.03,1.99,-5.70,-0.13,-0.05,0.00,rock
154,112,158,183,142,-7.95,1.96,-5.77,-0.08,-0.05,0.01,rock
154,120,158,181,142,-7.87,2.09,-5.70,-0.09,-0.04,0.02,rock
155,116,157,181,142,-7.92,2.12,-5.68,-0.11,-0.04,0.02,rock
155,113,157,183,142,-8.04,1.97,-5.88,-0.13,0.01,0.04,rock
155,122,158,183,140,-8.15,1.96,-5.82,-0.12,0.02,0.01,rock
154,112,158,182,142,-7.96,1.83,-5.63,-0.10,-0.02,0.01,rock
155,115,158,182,142,-8.07,2.06,-5.69,-0.09,-0.01,0.01,rock
153,124,157,182,141,-7.86,2.02,-5.69,-0.10,-0.03,0.03,rock
152,111,157,182,140,-8.18,2.05,-5.89,-0.14,0.04,-0.02,rock
154,116,157,182,142,-8.16,1.94,-5.88,-0.11,0.03,0.02,rock
154,124,158,181,142,-7.99,2.02,-5.81,-0.10,-0.00,0.02,rock
154,110,159,182,142,-8.08,2.04,-5.79,-0.08,0.04,0.01,rock
154,117,158,182,142,-7.91,2.10,-5.70,-0.10,-0.04,0.02,rock
153,120,157,180,141,-7.88,2.05,-5.72,-0.09,-0.01,0.03,rock
153,109,158,182,142,-8.10,2.12,-5.87,-0.11,-0.02,0.00,rock
153,119,157,182,141,-8.06,1.97,-5.85,-0.09,0.02,0.02,rock
153,119,156,182,139,-7.97,2.07,-5.75,-0.04,0.01,0.01,rock
152,109,157,181,142,-7.85,2.14,-5.65,-0.05,-0.06,0.04,rock
152,120,158,182,142,-7.84,2.02,-5.81,-0.12,-0.07,-0.04,rock
152,119,158,181,141,-7.88,2.04,-5.77,-0.11,-0.04,0.03,rock
154,114,156,183,142,-7.91,2.03,-5.86,-0.11,-0.06,0.01,rock
154,120,157,182,143,-7.97,1.97,-5.70,-0.10,-0.00,0.01,rock
152,117,157,182,141,-7.83,1.95,-5.68,-0.10,-0.03,0.01,rock
155,115,157,183,143,-7.81,1.97,-5.68,-0.09,-0.06,-0.00,rock
154,120,158,182,142,-7.74,1.98,-5.83,-0.06,-0.08,0.01,rock
155,114,157,182,141,-7.97,2.05,-6.00,-0.11,0.01,0.02,rock
157,114,156,183,144,-7.83,2.06,-5.86,-0.14,0.02,0.07,rock
162,122,158,183,142,-7.63,2.14,-5.59,0.03,-0.05,0.01,rock
166,111,157,183,142,-8.07,1.82,-6.03,-0.19,-0.05,-0.05,rock
169,115,157,183,141,-7.94,2.32,-6.00,-0.14,0.16,-0.03,rock
170,121,156,183,144,-7.86,1.90,-5.74,-0.18,-0.07,-0.03,rock
171,115,156,181,141,-7.79,2.17,-5.81,-0.07,-0.02,0.02,rock
176,116,156,183,144,-8.20,1.81,-6.62,-0.16,-0.16,0.04,rock
172,115,157,181,142,-8.04,1.75,-5.75,-0.14,-0.06,0.23,rock
151,112,156,182,139,-8.07,1.44,-5.77,-0.07,0.03,-0.03,rock
147,116,157,182,140,-7.95,1.96,-5.74,0.02,0.08,-0.01,rock
147,117,157,182,140,-7.74,1.96,-6.05,-0.08,-0.05,0.03,rock
150,112,156,182,140,-8.10,1.78,-6.11,-0.18,-0.03,0.09,rock
151,121,157,183,141,-7.51,1.82,-5.79,-0.24,-0.13,0.02,rock
150,114,158,182,141,-7.79,2.11,-5.91,-0.07,0.05,0.01,rock
152,113,157,182,142,-7.95,2.02,-6.06,-0.08,0.05,0.10,rock
152,119,157,182,141,-7.23,2.00,-5.87,-0.05,-0.01,0.08,rock
153,111,157,182,141,-7.88,2.04,-6.45,-0.02,0.02,-0.02,rock
154,114,159,181,142,-7.74,2.26,-6.28,-0.07,-0.02,0.03,rock
155,124,157,183,142,-7.57,2.19,-6.10,-0.08,-0.03,0.04,rock
152,112,157,182,142,-7.53,2.16,-6.09,-0.11,-0.05,0.00,rock
153,114,156,183,140,-7.61,2.16,-6.06,-0.10,-0.09,0.02,rock
152,123,158,182,140,-7.61,2.14,-6.12,-0.07,-0.04,-0.01,rock
149,111,158,182,142,-7.59,2.07,-6.04,-0.06,-0.05,-0.00,rock
146,116,158,183,142,-7.55,2.01,-6.11,-0.07,-0.10,0.02,rock
145,119,157,182,142,-7.60,2.04,-6.04,-0.05,-0.02,0.04,rock
146,107,157,182,141,-7.73,2.09,-6.25,-0.07,0.05,0.04,rock
146,119,155,182,142,-7.78,2.06,-6.30,-0.11,0.05,0.01,rock
149,119,155,182,142,-7.79,2.12,-6.33,-0.09,0.06,0.03,rock
149,114,157,182,143,-7.82,2.27,-6.34,-0.13,0.02,0.01,rock
147,119,157,182,141,-7.81,2.06,-6.11,-0.13,0.04,0.01,rock
149,117,157,182,142,-7.66,1.99,-6.28,-0.12,-0.03,0.03,rock
148,114,155,181,143,-7.65,2.06,-6.19,-0.09,0.02,0.01,rock
148,120,157,182,142,-7.74,2.05,-6.33,-0.11,0.07,0.00,rock
148,112,156,182,141,-7.65,1.96,-6.23,-0.11,-0.04,-0.00,rock
148,112,158,183,142,-7.70,1.97,-6.28,-0.08,-0.08,0.01,rock
149,124,158,182,141,-7.51,2.00,-6.02,-0.06,-0.01,-0.03,rock
151,112,158,182,141,-7.88,2.00,-6.26,0.06,-0.27,-0.10,rock
150,116,157,184,143,-7.81,1.83,-6.26,-0.11,-0.11,-0.07,rock
147,125,158,183,141,-7.52,1.99,-6.01,0.03,-0.08,-0.08,rock
148,111,156,183,142,-8.09,1.71,-6.17,-0.11,0.07,-0.05,rock
150,115,158,182,143,-8.10,1.58,-6.27,-0.21,-0.02,-0.02,rock
150,121,157,182,142,-7.78,1.49,-5.98,0.05,-0.13,-0.11,rock
152,110,158,181,143,-7.89,1.44,-5.92,-0.12,-0.03,-0.04,rock
152,115,158,183,142,-7.78,1.54,-5.87,-0.04,-0.05,0.05,rock
151,118,159,181,143,-7.80,1.50,-6.00,-0.18,-0.05,0.02,rock
150,110,157,181,144,-7.93,1.32,-6.03,-0.12,-0.02,-0.01,rock
151,119,158,183,141,-8.10,1.32,-6.09,-0.10,0.03,-0.04,rock
150,118,157,182,143,-8.03,1.24,-6.04,-0.07,-0.03,-0.04,rock
152,109,159,183,143,-7.98,1.25,-5.98,-0.09,-0.02,-0.00,rock
151,120,157,182,143,-7.85,1.32,-5.84,-0.11,-0.03,0.02,rock
152,116,158,181,142,-7.84,1.34,-5.89,-0.08,-0.03,0.04,rock
151,112,157,182,143,-7.83,1.33,-5.93,-0.04,-0.01,0.00,rock
151,120,157,183,142,-8.06,1.57,-5.97,-0.11,-0.01,-0.02,rock
150,113,158,181,143,-8.04,1.36,-6.04,-0.14,-0.06,0.03,rock
152,113,158,183,144,-7.81,1.27,-5.90,-0.10,-0.05,0.02,rock
150,125,156,181,141,-7.84,1.26,-5.85,-0.07,-0.02,0.01,rock
150,110,157,182,144,-7.90,1.37,-6.00,-0.07,-0.01,0.03,rock
151,113,158,181,142,-7.96,1.38,-5.94,-0.10,-0.02,0.02,rock
151,123,157,183,142,-7.93,1.35,-6.08,-0.11,-0.05,0.02,rock
150,112,157,182,142,-7.90,1.35,-6.04,-0.12,-0.01,0.01,rock
153,117,157,182,143,-7.91,1.45,-5.93,-0.09,-0.01,0.04,rock
150,119,157,183,141,-7.94,1.28,-6.15,-0.11,-0.01,0.00,rock
150,107,156,181,143,-7.96,1.39,-6.02,-0.07,0.04,-0.02,rock
151,116,158,182,143,-7.86,1.48,-5.82,-0.07,-0.02,0.00,rock
150,119,157,182,144,-7.76,1.43,-5.73,-0.10,-0.03,0.01,rock
150,113,157,183,142,-7.80,1.40,-5.84,-0.10,-0.05,-0.01,rock
152,118,157,183,144,-8.03,1.40,-6.06,-0.11,-0.01,0.01,rock
152,117,156,182,143,-7.97,1.36,-6.16,-0.12,-0.02,0.01,rock
149,112,158,184,143,-7.94,1.33,-6.06,-0.12,-0.01,0.01,rock
150,121,159,182,145,-8.07,1.29,-6.10,-0.10,0.00,0.01,rock
151,114,156,182,142,-8.01,1.36,-6.02,-0.08,-0.01,0.01,rock
149,114,159,182,143,-7.61,1.37,-5.86,-0.10,-0.06,-0.03,rock
150,124,157,183,142,-7.87,1.44,-5.98,-0.07,-0.04,0.00,rock
152,111,157,182,144,-8.12,1.39,-5.95,-0.10,-0.04,0.03,rock
149,113,160,183,144,-7.84,1.25,-6.11,-0.11,-0.05,0.02,rock
151,123,156,183,144,-7.83,1.27,-5.99,-0.11,-0.04,0.01,rock
150,111,157,183,144,-8.01,1.36,-6.03,-0.10,0.00,0.01,rock
151,116,157,182,143,-8.13,1.37,-6.22,-0.10,-0.02,0.03,rock
150,119,157,181,144,-8.02,1.36,-6.01,-0.11,-0.01,0.03,rock
151,105,157,182,143,-8.04,1.41,-6.10,-0.10,0.01,0.04,rock
153,115,158,182,142,-7.80,1.38,-6.06,-0.11,-0.01,0.02,rock
152,116,159,182,143,-7.92,1.31,-6.07,-0.09,-0.02,0.01,rock
152,110,159,183,146,-7.88,1.30,-6.05,-0.11,0.03,0.00,rock
151,118,158,182,143,-8.09,1.29,-6.22,-0.11,0.02,-0.00,rock
150,116,156,182,143,-7.85,1.39,-5.91,-0.14,-0.05,0.04,rock
151,112,157,184,145,-7.76,1.33,-5.95,-0.12,-0.04,0.03,rock
151,120,159,182,143,-7.89,1.43,-6.14,-0.10,-0.01,0.02,rock
151,114,156,182,144,-7.92,1.52,-6.15,-0.11,0.01,0.02,rock
150,113,158,184,141,-7.78,1.42,-6.09,-0.09,-0.03,0.04,rock
149,121,157,183,144,-8.00,1.43,-6.25,-0.09,-0.01,0.01,rock
150,111,157,183,143,-7.89,1.42,-6.19,-0.11,-0.01,0.02,rock
153,113,159,184,145,-7.86,1.34,-6.13,-0.11,-0.02,0.02,rock
151,124,158,181,144,-7.85,1.37,-6.11,-0.10,0.04,0.02,rock
150,109,158,184,144,-7.89,1.47,-6.14,-0.12,-0.00,0.01,rock
151,115,157,182,146,-7.79,1.39,-6.15,-0.12,-0.02,0.03,rock
149,122,158,183,145,-7.74,1.68,-6.15,-0.21,-0.16,0.06,rock
152,111,158,183,145,-7.56,1.61,-6.37,-0.18,0.04,0.00,rock
150,116,158,182,144,-7.43,1.81,-6.34,-0.26,0.18,-0.01,rock
150,118,157,183,144,-7.42,1.82,-6.47,-0.41,0.18,0.04,rock
151,106,160,183,145,-7.42,1.84,-6.17,-0.12,0.10,-0.09,rock
152,117,157,183,145,-7.65,1.81,-6.33,-0.01,0.13,-0.10,rock
152,117,156,182,146,-7.83,1.47,-6.75,-0.17,0.13,-0.01,rock
152,109,157,182,144,-7.80,1.48,-6.62,-0.23,-0.06,0.05,rock
151,119,160,182,144,-7.84,1.40,-6.40,-0.05,-0.08,0.11,rock
151,114,156,181,144,-6.92,1.59,-6.23,0.02,0.06,-0.02,rock
152,111,158,181,145,-7.10,1.70,-6.85,-0.11,-0.13,0.08,rock
154,117,157,184,144,-7.40,1.71,-6.82,-0.12,-0.22,0.21,rock
151,116,158,182,144,-7.21,1.89,-6.31,-0.15,-0.25,0.16,rock
153,114,158,183,144,-7.07,1.82,-6.57,0.04,0.11,0.06,rock
152,123,159,181,147,-7.24,1.96,-6.57,-0.04,0.05,0.04,rock
152,112,159,184,143,-7.59,1.60,-6.79,-0.03,0.12,-0.04,rock
155,116,160,182,148,-7.18,1.63,-6.71,-0.07,0.02,-0.11,rock
156,124,161,185,146,-7.38,1.77,-6.55,-0.03,0.11,-0.06,rock
155,112,160,183,148,-7.08,1.59,-6.42,-0.05,-0.03,-0.08,rock
157,116,161,185,148,-7.15,1.36,-6.26,-0.04,-0.01,-0.12,rock
154,121,159,183,149,-7.61,1.26,-6.45,-0.00,-0.11,-0.06,rock
155,109,159,182,154,-7.84,1.01,-6.88,0.01,-0.09,-0.05,rock
154,120,161,186,157,-7.54,1.23,-6.57,-0.04,-0.01,-0.03,rock
156,121,158,184,156,-7.83,1.05,-6.92,-0.16,0.03,-0.02,rock
155,112,158,184,157,-7.86,1.02,-6.34,-0.11,0.00,-0.00,rock
153,119,159,184,157,-7.59,1.19,-6.52,-0.09,0.02,0.02,rock
154,116,159,182,155,-7.63,1.04,-6.56,-0.11,-0.04,0.01,rock
152,111,158,181,155,-7.67,1.03,-6.64,-0.11,-0.06,0.03,rock
150,115,156,181,152,-7.45,1.02,-6.56,-0.09,0.01,0.01,rock
150,111,153,178,152,-7.81,0.96,-6.76,-0.09,0.05,0.00,rock
151,109,155,179,154,-7.62,0.93,-6.59,-0.11,-0.03,0.02,rock
152,121,153,182,155,-7.84,0.99,-6.55,-0.09,-0.02,0.00,rock
152,111,158,181,155,-7.65,1.06,-6.66,-0.06,-0.06,0.05,rock
154,112,159,183,155,-7.53,0.99,-6.57,-0.11,-0.03,0.01,rock
152,123,157,183,157,-7.81,1.01,-6.56,-0.12,-0.03,0.02,rock
153,108,157,182,156,-7.90,1.12,-6.70,-0.06,0.02,0.02,rock
154,115,159,184,156,-7.56,1.06,-6.54,-0.09,0.02,0.04,rock
154,118,156,182,155,-7.51,1.07,-6.29,-0.09,-0.06,0.01,rock
152,108,160,182,158,-7.66,1.06,-6.57,-0.08,0.06,0.01,rock
156,114,159,182,157,-7.86,0.96,-6.45,-0.13,-0.00,0.02,rock
154,119,158,183,158,-7.54,0.95,-6.57,-0.10,-0.03,-0.01,rock
154,109,158,184,158,-7.70,1.04,-6.52,-0.08,0.03,0.01,rock
156,118,159,183,158,-7.91,1.03,-6.53,-0.11,0.02,0.04,rock
154,117,160,185,157,-7.77,0.97,-6.48,-0.11,-0.01,0.04,rock
154,111,159,183,159,-7.84,1.17,-6.68,-0.14,-0.02,0.03,rock
156,119,159,184,161,-7.69,1.14,-6.22,-0.20,-0.04,0.08,rock
153,116,158,183,160,-7.86,1.10,-6.79,-0.28,0.13,0.09,rock
153,113,159,183,160,-7.48,1.50,-6.53,-0.16,0.10,0.03,rock
154,119,160,185,161,-7.16,1.47,-6.46,-0.10,-0.07,0.05,rock
155,116,158,183,159,-7.65,1.44,-6.46,-0.09,-0.05,-0.01,rock
154,113,159,184,159,-7.48,1.39,-6.98,-0.07,0.08,0.03,rock
155,124,159,184,159,-7.05,1.63,-6.54,-0.06,-0.06,0.03,rock
156,111,158,183,158,-7.35,1.20,-7.00,-0.10,0.05,-0.02,rock
153,116,160,186,160,-7.59,1.25,-7.07,-0.10,-0.01,-0.05,rock
156,121,161,184,160,-7.37,1.16,-6.86,-0.12,-0.09,-0.01,rock
154,113,161,184,160,-7.72,1.20,-6.99,-0.12,0.19,-0.01,rock
156,118,160,184,153,-7.12,1.09,-7.36,-0.26,-0.11,-0.08,rock
157,121,160,185,134,-8.39,1.35,-6.57,-0.25,-0.11,0.01,rock
156,112,162,184,124,-7.94,0.82,-7.27,-0.27,-0.12,0.06,rock
156,119,160,184,120,-6.96,0.47,-6.22,0.09,-0.48,0.06,rock
156,121,160,185,120,-8.49,1.36,-6.12,0.05,-0.32,0.03,rock
155,113,160,186,119,-8.49,1.23,-6.88,-0.32,-0.29,-0.05,rock
156,119,161,184,129,-8.57,1.82,-6.33,-0.22,0.03,0.14,rock
156,120,161,184,139,-7.58,0.93,-6.54,-0.24,-0.10,0.06,rock
156,115,160,185,139,-8.18,1.19,-5.78,-0.17,-0.21,0.11,rock
156,118,161,183,141,-7.61,1.53,-6.12,0.05,-0.07,0.20,rock
157,116,159,184,138,-7.80,1.42,-6.28,-0.04,0.04,0.03,rock
157,116,160,183,138,-7.95,1.73,-6.21,-0.01,-0.03,0.06,rock
156,125,162,183,140,-7.99,1.54,-6.29,-0.11,-0.05,0.04,rock
156,112,161,184,140,-7.82,1.49,-6.13,-0.07,0.02,-0.00,rock
157,114,161,185,140,-7.89,1.48,-5.97,-0.10,-0.01,-0.00,rock
155,125,161,184,140,-8.06,1.42,-5.81,-0.07,-0.03,0.02,rock
157,111,159,186,139,-7.95,1.57,-6.08,-0.09,-0.06,0.04,rock
156,117,161,185,140,-8.01,1.51,-6.11,-0.10,0.02,-0.00,rock
157,123,161,183,140,-7.94,1.38,-5.93,-0.11,-0.01,-0.01,rock
156,107,161,183,141,-7.88,1.36,-5.98,-0.10,-0.03,0.03,rock
156,119,159,183,139,-7.81,1.28,-6.03,-0.10,-0.03,0.00,rock
157,119,160,183,140,-7.78,1.37,-5.73,-0.06,-0.05,0.05,rock
158,111,160,184,139,-8.05,1.43,-5.90,-0.09,-0.06,0.05,rock
157,119,161,184,140,-7.76,1.34,-5.89,-0.09,-0.02,0.01,rock
155,119,160,183,140,-8.01,1.52,-6.08,-0.06,0.03,0.02,rock
156,115,161,184,141,-7.71,1.50,-5.88,-0.11,-0.09,0.03,rock
200,151,193,244,209,-1.20,-0.30,1.91,-0.05,-0.01,0.00,paper
197,151,193,241,209,-4.75,-1.30,7.73,-0.11,-0.07,0.01,paper
199,151,193,243,210,-4.70,-1.15,7.39,-0.10,0.02,0.00,paper
200,152,193,244,210,-5.01,-1.16,7.58,-0.11,-0.07,-0.00,paper
199,150,193,242,208,-4.78,-1.15,7.69,-0.06,-0.02,0.03,paper
198,152,194,243,211,-4.56,-1.08,7.61,-0.05,-0.06,0.05,paper
199,151,193,243,211,-4.91,-1.16,7.61,-0.10,0.08,0.01,paper
198,152,192,242,209,-4.81,-1.06,7.59,-0.15,0.01,0.00,paper
199,152,193,241,210,-4.83,-1.09,7.70,-0.09,-0.06,0.04,paper
200,153,192,242,210,-4.79,-1.15,7.65,-0.07,-0.04,-0.00,paper
199,152,193,243,210,-4.51,-1.04,7.51,-0.07,0.02,0.00,paper
201,151,192,243,211,-4.91,-1.11,7.46,-0.08,0.06,0.03,paper
199,152,193,243,210,-4.88,-1.22,7.68,-0.09,-0.01,0.04,paper
200,151,193,242,209,-4.78,-1.12,7.61,-0.06,0.04,0.03,paper
199,153,192,241,208,-4.90,-1.12,7.69,-0.06,0.03,0.03,paper
197,152,192,240,209,-4.93,-1.08,7.58,-0.08,0.02,0.02,paper
199,153,194,243,210,-4.84,-1.06,7.45,-0.07,-0.03,0.01,paper
199,153,194,242,210,-4.93,-1.19,7.55,-0.11,-0.08,0.01,paper
198,150,192,242,210,-4.72,-1.05,7.77,-0.07,-0.04,0.02,paper
199,151,193,243,211,-4.77,-1.04,7.82,-0.11,-0.00,0.02,paper
198,151,193,244,209,-4.83,-1.13,7.68,-0.15,0.05,0.02,paper
198,151,193,241,209,-4.81,-1.07,7.45,-0.13,0.00,0.02,paper
198,151,193,243,209,-4.87,-1.06,7.40,-0.15,-0.00,0.01,paper
197,151,193,242,208,-5.00,-1.18,7.57,-0.13,-0.07,0.01,paper
199,152,192,243,208,-4.87,-1.15,7.55,-0.14,-0.03,-0.02,paper
200,150,192,243,210,-4.75,-1.17,7.50,-0.12,-0.03,-0.02,paper
197,151,192,240,208,-4.94,-1.28,7.58,-0.13,-0.01,-0.04,paper
198,152,191,242,209,-4.78,-1.13,7.59,-0.14,-0.05,-0.03,paper
198,151,194,242,209,-4.94,-1.53,7.74,-0.15,0.01,-0.01,paper
199,151,192,242,208,-4.85,-1.29,7.68,-0.11,-0.04,0.00,paper
199,151,192,242,210,-4.80,-1.40,7.67,-0.02,0.02,0.05,paper
199,152,189,243,210,-4.70,-1.22,7.58,-0.11,0.00,0.02,paper
198,150,193,242,209,-4.72,-1.36,7.58,-0.12,-0.01,-0.02,paper
198,151,191,242,210,-4.84,-1.24,7.64,-0.09,0.07,0.02,paper
198,152,192,242,208,-4.73,-1.46,7.43,-0.07,-0.01,-0.00,paper
199,152,193,243,210,-4.81,-1.52,7.40,-0.18,-0.04,-0.03,paper
198,150,192,242,209,-4.84,-1.49,7.59,-0.17,0.07,-0.01,paper
199,150,192,242,208,-5.18,-1.58,7.60,-0.06,0.03,0.05,paper
197,150,192,243,208,-4.99,-1.39,7.37,0.02,-0.08,0.10,paper
198,151,193,241,208,-4.41,-1.15,7.36,-0.13,-0.16,-0.04,paper
199,150,194,242,209,-4.80,-1.52,7.77,-0.00,-0.03,0.10,paper
198,151,191,240,208,-4.47,-1.41,7.37,-0.09,0.01,-0.01,paper
198,151,193,242,210,-4.98,-1.88,7.64,-0.15,0.03,-0.09,paper
198,152,189,243,209,-4.95,-1.49,7.67,-0.03,0.02,0.06,paper
198,150,187,242,210,-4.99,-1.46,7.68,-0.08,-0.03,0.02,paper
195,151,189,241,210,-4.85,-1.34,7.42,-0.04,0.00,0.14,paper
198,152,188,243,208,-4.42,-1.39,7.38,-0.18,-0.06,-0.02,paper
200,150,192,243,209,-5.06,-1.85,7.69,-0.19,0.04,0.01,paper
199,150,191,242,208,-4.95,-1.58,7.85,-0.09,0.04,0.06,paper
198,150,184,241,209,-4.88,-1.54,7.29,-0.04,-0.01,0.05,paper
199,150,193,241,209,-4.93,-1.52,7.27,-0.08,0.00,0.01,paper
198,151,191,242,209,-4.99,-1.49,7.51,-0.09,-0.00,-0.01,paper
198,151,192,241,208,-5.02,-1.43,7.59,-0.06,-0.05,0.01,paper
197,153,192,242,209,-4.99,-1.36,7.55,0.07,-0.05,0.09,paper
198,150,188,241,210,-5.07,-1.39,7.40,-0.13,0.04,0.02,paper
197,149,184,242,209,-4.97,-1.46,7.46,-0.11,0.01,-0.02,paper
198,151,184,242,210,-5.22,-1.48,7.39,-0.05,-0.04,0.03,paper
199,150,185,242,209,-4.88,-1.33,7.58,-0.04,-0.05,0.03,paper
197,150,186,241,208,-4.85,-1.28,7.50,-0.17,0.02,0.00,paper
200,150,186,243,208,-5.19,-1.44,7.52,-0.13,0.02,0.01,paper
199,151,185,242,209,-5.23,-1.53,7.44,-0.10,0.05,0.01,paper
198,151,188,241,209,-5.10,-1.38,7.42,-0.11,-0.02,0.01,paper
199,153,187,242,210,-5.04,-1.36,7.36,-0.11,-0.07,0.00,paper
198,151,187,242,208,-4.97,-1.36,7.66,-0.06,-0.04,0.03,paper
198,152,188,241,209,-4.93,-1.29,7.60,-0.07,-0.05,0.03,paper
199,152,188,241,208,-4.90,-1.38,7.50,-0.11,0.00,0.01,paper
198,151,188,240,208,-5.02,-1.45,7.37,-0.12,0.05,0.02,paper
199,150,187,243,208,-5.07,-1.39,7.59,-0.12,-0.01,0.02,paper
199,149,189,242,209,-5.09,-1.41,7.50,-0.12,0.01,0.02,paper
199,149,189,241,208,-5.01,-1.48,7.49,-0.10,0.00,0.03,paper
198,152,188,240,210,-5.03,-1.54,7.30,-0.16,0.01,-0.01,paper
198,151,189,241,209,-5.15,-1.30,7.43,-0.09,-0.03,-0.01,paper
198,151,192,242,210,-5.09,-1.51,7.47,-0.12,-0.06,0.01,paper
198,151,193,242,209,-4.81,-1.31,7.40,-0.10,-0.03,-0.01,paper
198,151,192,241,209,-5.07,-1.33,7.56,-0.12,0.03,0.02,paper
197,152,192,242,208,-5.05,-1.39,7.46,-0.10,0.01,0.02,paper
196,151,192,243,208,-5.03,-1.33,7.39,-0.12,-0.07,-0.01,paper
198,151,193,241,209,-5.05,-1.34,7.48,-0.11,-0.06,0.00,paper
199,151,191,241,208,-5.00,-1.37,7.49,-0.11,0.01,0.03,paper
199,152,192,240,209,-4.98,-1.38,7.34,-0.11,-0.06,0.03,paper
198,151,187,241,208,-4.96,-1.40,7.44,-0.10,0.02,0.02,paper
200,151,188,242,209,-4.97,-1.41,7.33,-0.12,-0.03,0.02,paper
199,150,187,242,208,-4.89,-1.46,7.51,-0.10,0.03,0.04,paper
198,151,186,242,209,-5.13,-1.47,7.51,-0.08,-0.02,0.02,paper
199,149,186,243,209,-4.84,-1.37,7.45,-0.07,-0.05,0.01,paper
199,151,187,242,207,-5.01,-1.42,7.51,-0.09,0.03,0.01,paper
198,150,187,242,208,-4.98,-1.40,7.52,-0.13,-0.01,0.01,paper
200,151,187,241,207,-5.01,-1.39,7.40,-0.13,-0.02,0.01,paper
198,151,186,241,208,-5.02,-1.45,7.49,-0.09,0.00,0.03,paper
198,151,186,241,209,-5.02,-1.42,7.51,-0.07,-0.01,0.02,paper
198,149,188,242,209,-5.06,-1.27,7.43,-0.12,-0.00,-0.06,paper
198,151,188,241,208,-5.03,-1.42,7.63,-0.12,0.01,0.01,paper
200,150,187,242,209,-4.97,-1.45,7.43,-0.12,0.01,0.02,paper
200,150,186,243,209,-4.96,-1.44,7.42,-0.08,-0.05,0.02,paper
199,148,187,241,207,-4.88,-1.37,7.42,-0.13,-0.00,0.01,paper
199,151,186,241,210,-5.07,-1.41,7.56,-0.09,-0.01,0.03,paper
198,150,186,242,209,-4.98,-1.39,7.45,-0.13,-0.00,0.02,paper
198,148,187,241,207,-4.85,-1.36,7.54,-0.10,-0.02,0.01,paper
199,150,185,241,209,-4.87,-1.47,7.50,-0.10,0.04,0.01,paper
198,150,186,242,209,-5.12,-1.41,7.35,-0.16,0.03,0.00,paper
198,150,192,240,210,-5.16,-1.38,7.60,-0.07,-0.01,0.06,paper
198,150,191,242,210,-4.99,-1.42,7.35,-0.08,-0.03,0.04,paper
199,151,190,241,209,-4.95,-1.49,7.46,-0.11,0.01,0.04,paper
200,151,190,242,208,-4.91,-1.56,7.63,-0.10,-0.01,0.04,paper
200,150,191,242,209,-5.00,-1.60,7.50,-0.07,-0.01,0.03,paper
200,149,191,242,208,-4.89,-1.48,7.47,-0.09,0.02,-0.00,paper
199,150,192,243,208,-4.91,-1.38,7.54,-0.07,-0.05,0.03,paper
199,150,191,242,210,-4.83,-1.36,7.47,-0.07,0.00,0.03,paper
198,150,190,242,208,-4.95,-1.39,7.51,-0.09,-0.03,0.01,paper
199,151,190,242,209,-4.88,-1.41,7.54,-0.09,-0.02,0.02,paper
198,149,190,242,209,-4.89,-1.45,7.55,-0.09,0.01,0.04,paper
196,151,191,242,209,-5.02,-1.46,7.52,-0.11,0.01,0.02,paper
201,152,191,242,208,-5.10,-1.50,7.38,-0.12,0.04,0.02,paper
198,149,192,242,208,-5.01,-1.47,7.37,-0.13,-0.01,0.01,paper
198,150,191,242,208,-5.01,-1.53,7.51,-0.11,-0.03,0.00,paper
200,149,191,243,208,-5.06,-1.49,7.45,-0.09,-0.04,0.01,paper
198,149,191,241,208,-4.97,-1.45,7.38,-0.08,-0.04,0.01,paper
199,149,191,242,209,-4.89,-1.33,7.45,-0.09,-0.01,0.03,paper
199,151,191,241,209,-4.95,-1.47,7.59,-0.11,-0.00,0.02,paper
199,150,190,241,208,-5.05,-1.47,7.46,-0.11,-0.00,0.02,paper
199,149,190,242,209,-5.12,-1.54,7.39,-0.11,0.06,0.03,paper
199,149,186,241,210,-5.09,-1.41,7.49,-0.10,-0.00,0.01,paper
198,149,186,242,208,-5.06,-1.38,7.45,-0.16,-0.01,0.00,paper
199,151,187,242,210,-4.94,-1.49,7.47,-0.09,-0.04,0.02,paper
199,149,186,241,208,-4.91,-1.47,7.58,-0.08,-0.03,0.03,paper
199,150,184,241,209,-5.01,-1.48,7.42,-0.11,0.00,0.03,paper
199,152,184,241,208,-5.12,-1.54,7.45,-0.11,0.01,0.03,paper
200,149,184,241,208,-5.04,-1.48,7.46,-0.11,0.03,0.02,paper
197,151,182,243,209,-4.92,-1.44,7.48,-0.06,-0.06,0.01,paper
201,152,185,242,208,-4.97,-1.41,7.56,-0.08,0.00,0.00,paper
200,151,184,242,210,-5.09,-1.40,7.45,-0.07,-0.05,0.02,paper
199,150,184,241,209,-4.97,-1.37,7.47,-0.11,-0.04,0.01,paper
199,152,190,242,208,-4.99,-1.48,7.62,-0.12,-0.01,0.02,paper
197,149,186,241,208,-5.10,-1.52,7.45,-0.12,-0.03,0.00,paper
201,150,193,243,208,-5.07,-1.50,7.37,-0.09,-0.05,-0.00,paper
200,149,193,244,208,-4.98,-1.43,7.40,-0.09,-0.04,-0.01,paper
200,149,191,241,208,-4.93,-1.44,7.47,-0.14,-0.02,-0.01,paper
201,149,191,240,209,-5.05,-1.50,7.57,-0.07,-0.01,0.04,paper
198,151,190,242,209,-4.88,-1.41,7.42,-0.08,0.01,0.01,paper
197,149,190,242,208,-5.05,-1.40,7.38,-0.11,0.01,0.02,paper
200,151,191,242,210,-5.20,-1.49,7.43,-0.11,-0.00,0.02,paper
200,149,191,241,208,-5.09,-1.49,7.52,-0.09,-0.01,0.02,paper
200,149,191,243,209,-5.03,-1.47,7.27,-0.07,-0.06,0.02,paper
199,151,191,241,209,-5.22,-1.79,7.61,-0.11,-0.01,0.01,paper
198,149,191,241,209,-5.14,-1.74,7.40,-0.08,0.01,0.02,paper
199,150,185,241,208,-5.15,-1.62,7.54,-0.06,0.01,0.04,paper
198,151,189,242,208,-5.06,-1.53,7.40,-0.09,-0.07,0.05,paper
199,149,189,241,209,-4.96,-1.40,7.53,-0.10,0.02,0.01,paper
199,151,189,241,208,-5.15,-1.43,7.33,-0.13,0.02,-0.00,paper
199,150,190,242,208,-5.20,-1.56,7.59,-0.11,0.00,0.01,paper
199,149,190,241,207,-5.15,-1.52,7.24,-0.11,-0.03,0.01,paper
200,151,193,242,209,-5.09,-1.48,7.40,-0.10,-0.02,0.04,paper
198,149,191,242,208,-5.18,-1.46,7.49,-0.08,-0.06,0.01,paper
199,151,192,242,208,-4.93,-1.43,7.42,-0.10,0.03,0.03,paper
201,149,191,241,208,-5.16,-1.62,7.32,-0.10,0.01,0.00,paper
200,151,191,242,209,-4.99,-1.47,7.35,-0.08,-0.04,0.03,paper
196,150,192,242,207,-5.14,-1.50,7.41,-0.11,0.04,0.01,paper
199,150,194,242,210,-5.17,-1.54,7.44,-0.12,0.00,0.03,paper
199,150,193,241,208,-5.01,-1.51,7.50,-0.10,-0.05,0.04,paper
198,149,191,242,208,-5.03,-1.53,7.31,-0.14,0.06,0.02,paper
199,151,193,242,207,-5.12,-1.43,7.35,-0.08,-0.06,0.02,paper
199,150,187,241,208,-4.98,-1.44,7.50,-0.13,-0.03,0.02,paper
198,152,189,241,208,-5.15,-1.48,7.38,-0.11,0.00,0.00,paper
199,150,187,242,208,-4.95,-1.46,7.34,-0.10,-0.06,0.03,paper
199,151,189,240,208,-5.05,-1.55,7.25,-0.12,-0.03,0.02,paper
200,150,192,242,210,-4.87,-1.54,7.46,-0.11,-0.04,0.04,paper
199,148,192,243,208,-5.08,-1.37,7.14,-0.14,-0.06,0.01,paper
199,151,191,242,210,-5.10,-1.59,7.57,-0.06,-0.03,0.02,paper
199,150,192,243,207,-5.01,-1.53,7.47,-0.14,-0.04,-0.01,paper
199,150,191,241,208,-4.97,-1.58,7.32,-0.12,0.03,-0.00,paper
199,152,191,241,210,-5.18,-1.56,7.38,-0.10,-0.02,0.01,paper
198,151,191,240,207,-4.98,-1.48,7.24,-0.06,-0.09,-0.01,paper
198,150,190,241,209,-4.98,-1.50,7.47,-0.08,-0.04,0.00,paper
200,149,192,242,207,-4.89,-1.36,7.43,-0.08,-0.02,0.01,paper
199,152,191,242,208,-4.90,-1.36,7.41,-0.10,-0.04,0.04,paper
198,149,190,241,208,-5.03,-1.47,7.52,-0.08,0.00,0.03,paper
200,150,192,240,209,-5.06,-1.54,7.46,-0.15,0.03,0.02,paper
199,150,190,240,208,-5.11,-1.56,7.40,-0.09,-0.04,0.01,paper
197,149,191,241,209,-5.03,-1.49,7.32,-0.11,-0.02,0.01,paper
198,151,191,241,209,-4.93,-1.43,7.40,-0.11,0.00,0.03,paper
200,150,192,242,208,-5.14,-1.61,7.44,-0.10,0.04,0.00,paper
198,150,189,240,207,-5.06,-1.51,7.38,-0.07,-0.06,-0.00,paper
199,150,191,242,208,-4.85,-1.46,7.49,-0.12,-0.00,0.00,paper
198,149,192,242,207,-5.00,-1.47,7.41,-0.15,0.04,0.01,paper
198,149,191,242,208,-5.07,-1.54,7.40,-0.09,0.03,0.03,paper
201,150,191,242,209,-5.05,-1.55,7.39,-0.10,-0.01,-0.01,paper
199,149,190,240,207,-5.11,-1.45,7.32,-0.09,-0.04,0.01,paper
200,151,190,242,209,-5.14,-1.48,7.40,-0.11,-0.02,0.02,paper
201,150,188,243,207,-5.07,-1.52,7.47,-0.09,-0.02,0.01,paper
198,149,189,241,209,-4.96,-1.45,7.38,-0.10,-0.05,-0.01,paper
200,149,189,243,210,-4.98,-1.43,7.43,-0.13,-0.02,-0.01,paper
198,149,188,242,209,-5.22,-1.53,7.41,-0.11,-0.01,0.02,paper
200,149,190,241,208,-5.08,-1.48,7.45,-0.06,0.01,0.02,paper
199,151,189,242,209,-5.12,-1.32,7.39,-0.05,-0.01,0.01,paper
199,150,184,241,208,-5.06,-1.39,7.28,-0.07,0.00,0.01,paper
199,150,180,241,208,-5.18,-1.53,7.20,-0.09,-0.01,0.02,paper
200,150,184,242,208,-5.12,-1.46,7.25,-0.14,0.03,0.00,paper
200,150,184,240,208,-5.15,-1.42,7.40,-0.08,0.00,0.03,paper
201,149,184,241,208,-5.06,-1.43,7.39,-0.13,-0.02,-0.01,paper
201,150,183,243,208,-4.88,-1.41,7.45,-0.10,-0.03,0.03,paper
197,150,181,241,208,-5.16,-1.16,7.14,-0.12,0.07,0.02,paper
199,149,192,242,206,-5.13,-1.26,7.23,-0.17,-0.05,0.03,paper
200,149,190,242,209,-4.86,-1.44,7.38,-0.21,-0.09,0.05,paper
199,151,191,242,209,-5.20,-1.59,7.22,-0.14,0.04,0.02,paper
200,150,191,241,209,-5.38,-1.61,7.25,-0.12,-0.02,-0.06,paper
199,150,186,243,208,-5.10,-1.52,7.22,-0.17,-0.09,0.01,paper
199,149,190,241,208,-5.21,-1.76,7.27,-0.09,-0.03,0.05,paper
200,151,191,241,209,-4.87,-1.53,7.34,-0.11,-0.04,0.03,paper
198,149,190,241,208,-5.09,-1.86,7.66,-0.11,0.01,0.05,paper
199,149,191,242,209,-5.21,-1.78,7.37,-0.04,0.02,0.01,paper
201,150,188,242,209,-4.75,-1.63,7.44,-0.04,-0.06,0.02,paper
199,148,185,240,208,-4.98,-1.71,7.30,-0.13,0.05,-0.03,paper
199,150,188,242,208,-5.18,-1.75,7.43,-0.14,0.03,0.01,paper
200,149,188,242,208,-5.23,-1.78,7.46,-0.07,-0.09,0.05,paper
199,149,187,241,207,-4.97,-1.66,7.41,-0.07,-0.02,0.00,paper
199,150,190,242,209,-5.08,-1.93,7.52,-0.15,-0.08,-0.08,paper
199,149,192,242,208,-5.10,-1.78,7.50,-0.11,-0.02,0.01,paper
199,151,191,243,208,-5.15,-1.76,7.45,-0.10,0.02,0.01,paper
199,149,192,241,208,-5.09,-1.57,7.33,-0.04,-0.03,0.03,paper
199,150,191,242,207,-5.10,-1.54,7.40,-0.04,0.09,0.03,paper
199,149,192,242,208,-5.21,-1.56,7.34,-0.06,-0.04,-0.00,paper
199,150,191,241,209,-4.99,-1.48,7.31,-0.19,-0.04,0.01,paper
199,150,189,244,206,-5.05,-1.50,7.31,-0.12,-0.05,0.05,paper
198,150,192,241,209,-5.02,-1.58,7.42,-0.11,0.03,0.07,paper
200,151,191,241,208,-4.96,-1.45,7.27,-0.14,0.06,-0.01,paper
200,149,190,241,208,-5.40,-1.64,7.35,-0.16,-0.01,0.06,paper
200,150,192,243,208,-4.96,-1.54,7.50,-0.09,0.02,0.02,paper
202,149,190,241,206,-5.06,-1.54,7.20,-0.04,0.04,-0.00,paper
200,148,190,240,207,-5.18,-1.64,7.13,-0.08,-0.00,0.00,paper
200,151,191,242,208,-5.12,-1.65,7.46,-0.06,-0.05,0.02,paper
199,150,190,242,208,-5.17,-1.57,7.34,-0.08,-0.01,-0.00,paper
200,151,190,242,208,-5.16,-1.59,7.25,-0.13,0.03,-0.01,paper
200,151,192,242,208,-5.15,-1.56,7.23,-0.21,0.01,0.02,paper
197,150,189,241,207,-5.29,-1.54,7.20,-0.08,0.04,0.03,paper
199,151,191,241,208,-5.25,-1.58,7.29,-0.11,-0.05,0.01,paper
201,149,191,241,209,-5.14,-1.57,7.24,-0.10,0.01,0.02,paper
198,150,191,240,207,-5.27,-1.67,7.25,-0.09,-0.01,0.01,paper
200,151,190,242,208,-5.18,-1.50,7.24,-0.08,-0.04,-0.01,paper
200,149,191,240,208,-5.29,-1.51,7.28,-0.10,-0.00,0.01,paper
198,150,191,241,208,-5.26,-1.59,7.28,-0.07,-0.05,0.01,paper
201,149,191,243,209,-5.23,-1.54,7.30,-0.11,-0.03,0.01,paper
200,150,192,241,208,-5.26,-1.54,7.26,-0.07,-0.01,0.01,paper
200,151,192,242,207,-5.20,-1.61,7.28,-0.09,-0.04,0.02,paper
200,150,192,242,207,-5.22,-1.53,7.22,-0.15,-0.02,-0.00,paper
199,150,191,242,208,-5.34,-1.63,7.26,-0.10,0.03,0.03,paper
199,149,190,241,208,-5.40,-1.65,7.25,-0.09,0.00,0.01,paper
200,149,190,241,207,-5.21,-1.66,7.25,-0.11,-0.04,0.01,paper
199,149,191,243,207,-5.19,-1.63,7.21,-0.14,-0.02,-0.01,paper
199,149,191,241,208,-5.32,-1.71,7.24,-0.12,-0.00,-0.01,paper
199,151,191,242,207,-5.31,-1.62,7.27,-0.10,-0.01,-0.01,paper
200,151,187,242,208,-5.31,-1.59,7.19,-0.10,-0.01,-0.01,paper
201,148,190,241,209,-5.31,-1.59,7.17,-0.14,-0.01,0.01,paper
201,150,190,241,208,-5.43,-1.61,7.19,-0.09,0.04,0.03,paper
200,150,189,241,209,-5.38,-1.69,7.21,-0.11,-0.01,0.01,paper
199,150,190,242,208,-5.36,-1.64,7.21,-0.09,-0.04,0.02,paper
199,149,190,240,208,-5.29,-1.72,7.12,-0.10,-0.02,0.02,paper
199,150,190,242,208,-5.40,-1.78,7.03,-0.13,-0.06,-0.02,paper
198,150,190,241,209,-5.43,-1.68,7.14,-0.13,-0.06,0.02,paper
198,150,191,242,208,-5.34,-1.70,7.07,-0.11,0.00,0.02,paper
198,149,190,241,208,-5.48,-1.85,7.33,-0.07,-0.03,0.03,paper
197,150,190,241,208,-5.21,-1.66,7.16,-0.09,-0.05,0.02,paper
199,148,191,242,207,-5.34,-1.72,7.08,-0.12,-0.03,0.01,paper
201,150,189,243,206,-5.35,-1.64,7.27,-0.14,-0.02,0.03,paper
200,150,191,240,207,-5.28,-1.71,7.22,-0.14,0.00,0.04,paper
199,148,192,241,207,-5.47,-1.83,7.13,-0.08,-0.01,0.03,paper
200,149,190,242,207,-5.20,-1.75,7.12,-0.10,0.00,0.02,paper
198,149,192,241,207,-5.45,-1.75,7.02,-0.10,-0.03,-0.01,paper
199,150,191,241,207,-5.20,-1.61,7.18,-0.13,-0.02,-0.01,paper
198,149,191,242,208,-5.40,-1.72,7.24,-0.07,-0.05,0.02,paper
197,150,189,240,209,-5.33,-1.82,7.17,-0.07,-0.04,0.02,paper
199,149,192,241,208,-5.24,-1.58,7.13,-0.08,-0.06,0.01,paper
200,150,188,242,208,-5.28,-1.70,7.12,-0.14,0.04,0.01,paper
199,149,190,242,208,-5.40,-1.74,7.13,-0.10,0.00,0.03,paper
199,148,190,242,207,-5.26,-1.74,7.17,-0.12,-0.03,0.02,paper
198,150,175,242,208,-5.42,-1.76,7.05,-0.10,-0.02,0.01,paper
198,149,188,242,208,-5.29,-1.80,6.94,-0.11,-0.02,0.00,paper
199,150,189,242,207,-5.52,-1.84,7.20,-0.10,0.01,0.02,paper
198,149,191,242,206,-5.40,-1.75,7.15,-0.04,-0.03,0.02,paper
198,149,191,240,209,-5.27,-1.74,7.16,-0.09,-0.04,0.01,paper
199,150,190,242,208,-5.35,-1.77,7.05,-0.11,-0.02,0.01,paper
198,148,191,241,208,-5.43,-1.82,7.09,-0.09,-0.04,0.01,paper
198,149,192,241,209,-5.26,-1.77,7.15,-0.09,-0.03,0.04,paper
199,151,191,241,208,-5.42,-1.88,7.16,-0.10,0.02,0.02,paper
199,149,191,242,208,-5.37,-1.78,7.19,-0.10,-0.03,0.02,paper
200,150,192,242,208,-5.37,-1.76,6.99,-0.11,-0.03,0.02,paper
199,152,192,241,208,-5.33,-1.76,7.08,-0.12,0.02,0.03,paper
200,150,191,240,206,-5.43,-1.84,7.10,-0.10,-0.02,0.03,paper
199,150,192,241,209,-5.50,-1.81,7.07,-0.08,0.01,0.03,paper
197,147,192,241,207,-5.41,-1.80,7.04,-0.12,-0.03,-0.00,paper
200,150,191,241,208,-5.33,-1.70,7.12,-0.10,-0.02,0.01,paper
200,149,192,243,209,-5.51,-1.84,7.22,-0.08,-0.03,0.03,paper
199,149,192,242,208,-5.33,-1.73,7.16,-0.10,-0.05,0.02,paper
199,150,191,240,208,-5.41,-1.78,7.12,-0.12,-0.01,0.01,paper
200,150,191,241,209,-5.50,-1.83,7.08,-0.13,-0.01,0.02,paper
199,150,192,241,208,-5.38,-1.78,7.04,-0.13,0.01,0.01,paper
199,150,191,241,209,-5.55,-1.84,7.12,-0.11,0.00,0.02,paper
200,151,190,242,208,-5.43,-1.84,7.11,-0.06,-0.05,0.03,paper
198,149,189,241,208,-5.46,-1.93,7.02,-0.09,-0.01,0.01,paper
201,151,190,241,208,-5.43,-1.89,7.04,-0.12,-0.01,0.00,paper
199,149,189,242,208,-5.37,-1.79,7.05,-0.10,-0.02,-0.01,paper
199,151,190,240,209,-5.45,-1.78,7.07,-0.13,-0.02,-0.01,paper
199,151,191,242,208,-5.51,-1.85,7.15,-0.14,-0.01,-0.01,paper
198,149,189,241,208,-5.54,-1.85,7.02,-0.12,-0.02,0.02,paper
199,151,190,242,208,-5.45,-1.83,6.90,-0.10,-0.06,0.02,paper
201,148,191,242,208,-5.33,-1.81,7.09,-0.13,-0.03,0.03,paper
197,150,190,241,207,-5.48,-1.86,7.27,-0.09,-0.01,0.02,paper
200,149,191,240,208,-5.37,-1.86,7.16,-0.11,-0.04,0.01,paper
201,149,191,242,209,-5.36,-1.75,6.94,-0.10,-0.05,0.01,paper
199,150,190,242,209,-5.25,-1.74,6.98,-0.11,-0.04,0.01,paper
201,149,192,242,209,-5.49,-1.76,7.08,-0.15,-0.02,0.02,paper
198,149,188,241,208,-5.55,-1.80,7.11,-0.12,-0.01,0.03,paper
198,150,177,241,207,-5.37,-1.74,7.05,-0.09,-0.01,0.04,paper
199,149,181,242,208,-5.39,-1.80,7.05,-0.13,-0.02,0.03,paper
200,149,188,242,208,-5.36,-1.73,7.02,-0.13,-0.00,0.01,paper
199,150,192,242,208,-5.50,-1.97,7.15,-0.15,-0.02,0.01,paper
199,151,191,242,208,-5.38,-1.88,7.12,-0.12,-0.05,0.01,paper
199,149,191,241,208,-5.33,-1.82,7.11,-0.10,-0.00,0.02,paper
199,149,191,241,210,-5.32,-1.87,7.05,-0.13,0.01,0.02,paper
199,150,192,241,208,-5.49,-1.91,7.22,-0.15,-0.03,0.04,paper
199,150,190,241,208,-5.24,-1.90,7.09,-0.08,0.00,-0.00,paper
200,149,192,241,209,-5.40,-1.82,7.02,-0.10,-0.01,0.01,paper
199,148,191,241,209,-5.30,-1.88,7.13,-0.11,0.04,0.05,paper
196,151,191,242,207,-5.50,-1.87,7.07,-0.13,0.02,0.05,paper
198,149,192,242,208,-5.46,-1.95,6.95,-0.09,0.03,0.03,paper
198,150,191,241,206,-5.52,-1.97,7.16,-0.12,-0.01,0.03,paper
200,149,191,241,208,-5.48,-1.98,6.99,-0.16,0.00,-0.01,paper
199,149,191,243,208,-5.53,-2.00,7.13,-0.13,-0.01,0.02,paper
198,150,192,242,208,-5.32,-1.88,7.00,-0.11,-0.02,0.02,paper
199,148,192,241,207,-5.42,-1.91,7.20,-0.12,0.02,0.02,paper
200,150,191,242,209,-5.63,-2.06,6.98,-0.12,-0.03,0.00,paper
199,148,190,241,206,-5.34,-1.97,7.01,-0.12,-0.05,-0.00,paper
199,149,191,243,209,-5.56,-2.01,7.02,-0.08,-0.07,0.01,paper
200,149,191,241,208,-5.35,-2.04,7.21,-0.13,-0.03,0.02,paper
200,149,190,243,207,-5.37,-1.97,6.99,-0.12,-0.05,-0.01,paper
198,150,191,242,210,-5.39,-2.02,7.06,-0.05,-0.07,-0.00,paper
199,148,189,241,208,-5.43,-1.96,6.86,-0.12,-0.07,-0.01,paper
200,149,190,241,208,-5.54,-1.98,7.19,-0.12,0.06,0.02,paper
199,150,191,241,208,-5.37,-2.08,7.17,-0.10,-0.04,0.01,paper
200,149,191,241,207,-5.43,-2.03,7.01,-0.09,0.01,0.01,paper
199,149,191,242,208,-5.52,-2.04,6.95,-0.12,-0.01,0.01,paper
199,149,191,242,209,-5.53,-2.01,7.01,-0.12,-0.04,-0.00,paper
197,150,192,241,206,-5.56,-2.12,6.96,-0.12,-0.02,0.01,paper
199,149,190,242,209,-5.55,-2.12,6.96,-0.10,0.00,0.03,paper
199,149,190,240,208,-5.43,-2.09,7.10,-0.08,-0.06,0.01,paper
198,149,190,241,207,-5.49,-2.04,7.01,-0.14,-0.02,0.00,paper
200,149,191,243,207,-5.66,-2.09,7.00,-0.11,-0.02,-0.01,paper
200,149,190,241,206,-5.52,-1.98,6.74,-0.06,-0.04,0.05,paper
199,150,190,241,207,-5.57,-2.22,7.16,-0.06,-0.04,0.08,paper
199,150,191,241,208,-5.12,-1.91,7.02,-0.11,-0.05,0.04,paper
199,150,191,242,207,-5.57,-2.11,6.93,-0.12,0.04,-0.03,paper
199,149,192,241,208,-5.58,-2.07,6.92,-0.12,-0.02,0.01,paper
201,150,191,242,208,-5.38,-1.86,6.81,-0.11,0.04,0.04,paper
198,150,192,240,208,-5.64,-1.98,6.98,-0.15,0.03,0.03,paper
200,149,192,241,208,-5.60,-1.76,6.93,-0.10,-0.03,0.04,paper
199,151,190,241,207,-5.49,-1.88,6.79,-0.11,0.04,0.02,paper
199,148,191,241,207,-5.80,-2.07,6.71,-0.15,0.01,0.07,paper
200,148,193,240,208,-5.33,-2.00,6.93,-0.08,-0.09,0.07,paper
200,151,190,241,207,-5.30,-2.01,7.18,-0.14,-0.02,-0.02,paper
198,148,191,242,208,-5.81,-2.17,6.98,-0.14,0.08,0.00,paper
200,150,193,242,207,-5.53,-2.07,6.94,-0.06,-0.06,0.05,paper
200,149,192,241,208,-5.61,-2.10,6.80,-0.09,0.03,0.03,paper
200,148,192,241,210,-5.38,-1.86,6.83,-0.10,-0.02,0.02,paper
199,150,191,242,208,-5.72,-2.11,7.05,-0.09,0.06,0.04,paper
201,149,191,241,208,-5.54,-2.06,7.03,-0.08,-0.01,0.02,paper
201,148,191,242,208,-5.32,-1.92,6.86,-0.08,-0.07,0.02,paper
199,149,190,241,208,-5.32,-1.89,6.79,-0.17,-0.07,-0.01,paper
200,149,190,241,208,-5.77,-2.11,6.96,-0.14,0.04,-0.04,paper
199,150,191,241,208,-5.70,-2.03,7.02,-0.08,-0.03,0.06,paper
198,149,190,240,207,-5.36,-2.10,6.91,-0.07,-0.03,0.08,paper
200,149,191,241,207,-5.40,-1.99,6.90,-0.16,-0.00,0.02,paper
199,149,192,243,208,-5.32,-1.90,6.90,-0.13,-0.02,0.02,paper
200,149,191,241,208,-5.63,-1.99,6.89,-0.12,0.02,0.01,paper
199,149,192,241,208,-5.56,-2.20,7.10,-0.09,-0.06,0.01,paper
198,149,191,240,209,-5.39,-2.11,6.98,-0.14,-0.03,-0.01,paper
198,148,190,243,208,-5.53,-2.18,7.16,-0.13,-0.03,0.03,paper
198,149,190,240,209,-5.26,-2.05,6.85,-0.09,0.01,0.02,paper
199,149,191,242,209,-5.61,-2.12,6.99,-0.05,-0.04,-0.02,paper
200,148,190,240,208,-5.70,-2.09,7.01,-0.04,-0.01,0.01,paper
199,150,192,243,207,-5.50,-2.06,6.91,-0.11,-0.11,-0.01,paper
200,149,192,241,207,-5.37,-1.93,6.93,-0.10,-0.03,0.03,paper
199,149,190,241,209,-5.33,-2.00,6.95,-0.13,-0.01,0.00,paper
199,149,191,240,208,-5.50,-2.10,7.03,-0.05,0.06,0.07,paper
199,147,191,240,209,-5.44,-2.00,7.07,-0.04,-0.04,0.01,paper
200,148,191,241,208,-5.33,-1.94,6.72,-0.08,-0.05,0.02,paper
198,150,192,241,207,-5.38,-1.95,6.98,-0.14,0.02,-0.00,paper
199,149,190,240,207,-5.81,-2.04,6.96,-0.15,0.07,-0.01,paper
199,152,192,241,207,-5.52,-2.01,7.02,-0.07,-0.07,0.02,paper
200,148,191,242,209,-5.50,-2.14,6.95,-0.10,0.02,0.04,paper
198,149,190,241,208,-5.58,-1.99,6.83,-0.14,-0.04,-0.01,paper
200,148,191,242,209,-5.34,-1.99,6.97,-0.11,-0.03,-0.02,paper
201,149,192,242,208,-5.63,-2.09,6.98,-0.12,0.03,0.02,paper
199,148,191,241,208,-5.61,-2.12,6.98,-0.10,-0.03,-0.00,paper
198,150,192,241,207,-5.40,-1.92,6.79,-0.11,-0.06,0.01,paper
199,147,191,241,208,-5.44,-1.96,7.11,-0.10,-0.00,0.00,paper
199,150,190,242,206,-5.51,-1.95,6.94,-0.08,0.06,0.02,paper
199,149,193,244,208,-5.54,-2.02,6.98,-0.06,-0.05,0.02,paper
199,148,191,241,208,-5.43,-1.95,6.96,-0.04,-0.00,0.03,paper
197,147,191,241,208,-5.52,-1.91,6.90,-0.09,0.01,0.03,paper
198,150,190,241,209,-5.49,-2.03,7.08,-0.12,-0.05,0.01,paper
198,147,191,242,207,-5.59,-2.04,7.02,-0.13,-0.00,0.01,paper
198,148,191,241,208,-5.55,-2.02,6.91,-0.11,-0.05,0.01,paper
199,148,191,242,208,-5.47,-2.00,6.89,-0.09,-0.08,0.02,paper
198,148,190,241,206,-5.54,-2.10,7.03,-0.08,0.00,0.05,paper
198,149,191,241,208,-5.51,-2.11,6.94,-0.13,-0.02,0.02,paper
198,149,192,240,207,-5.50,-2.09,6.98,-0.10,-0.05,-0.00,paper
198,149,190,240,209,-5.55,-2.10,6.99,-0.14,-0.03,0.01,paper
199,150,191,241,208,-5.61,-2.13,6.91,-0.11,-0.00,0.00,paper
198,149,191,241,208,-5.71,-2.00,6.97,-0.11,-0.02,-0.00,paper
199,148,191,241,208,-5.61,-2.02,7.00,-0.10,-0.06,0.02,paper
198,148,191,242,208,-5.50,-2.05,6.93,-0.13,-0.03,-0.01,paper
198,148,191,240,208,-5.63,-2.08,6.88,-0.10,-0.00,0.00,paper
198,149,190,240,208,-5.43,-2.03,7.01,-0.14,-0.02,-0.01,paper
200,148,191,242,208,-5.54,-2.03,6.94,-0.10,-0.01,-0.02,paper
199,148,191,241,207,-5.59,-2.06,6.87,-0.10,-0.05,-0.01,paper
198,150,192,241,208,-5.48,-2.03,7.01,-0.09,-0.04,0.01,paper
198,148,190,241,206,-5.51,-1.96,6.93,-0.11,-0.01,-0.01,paper
197,148,190,242,208,-5.49,-1.91,6.94,-0.13,-0.01,-0.01,paper
200,149,190,241,209,-5.50,-1.88,6.88,-0.10,-0.02,0.01,paper
197,148,192,241,206,-5.52,-2.03,6.99,-0.12,-0.00,0.01,paper
198,149,191,240,207,-5.50,-1.99,6.90,-0.09,0.01,0.02,paper
199,149,191,241,208,-5.47,-2.03,7.02,-0.08,-0.01,0.02,paper
198,147,191,241,208,-5.53,-1.96,6.90,-0.10,0.01,0.01,paper
199,150,191,240,209,-5.61,-1.95,6.79,-0.08,-0.03,0.02,paper
199,150,193,242,208,-5.61,-1.97,6.92,-0.10,-0.05,0.01,paper
198,149,190,242,207,-5.41,-2.04,7.00,-0.10,-0.03,0.01,paper
199,148,190,241,209,-5.60,-2.07,6.94,-0.13,-0.02,0.00,paper
198,149,191,241,208,-5.50,-1.97,7.00,-0.11,0.02,0.03,paper
198,150,192,242,207,-5.67,-2.13,6.92,-0.11,0.05,0.00,paper
198,148,191,241,208,-5.81,-2.19,6.86,-0.10,0.01,0.03,paper
198,147,191,240,207,-5.54,-2.01,6.96,-0.10,0.00,0.01,paper
197,150,192,240,208,-5.55,-2.01,6.74,-0.08,-0.02,0.00,paper
199,150,191,241,209,-5.59,-1.90,6.86,-0.11,0.03,0.03,paper
199,149,192,241,206,-5.63,-2.10,6.87,-0.14,0.03,0.01,paper
198,149,190,242,207,-5.63,-2.05,6.86,-0.12,-0.01,0.03,paper
199,148,191,241,207,-5.54,-1.96,6.82,-0.11,-0.01,0.01,paper
198,148,192,241,208,-5.68,-2.11,6.93,-0.08,-0.02,0.00,paper
199,149,191,241,208,-5.66,-2.03,6.78,-0.08,-0.04,0.04,paper
199,149,190,241,208,-5.66,-2.08,6.80,-0.10,0.01,0.02,paper
198,147,189,243,207,-5.66,-1.97,6.77,-0.08,-0.05,0.00,paper
199,149,189,241,209,-5.65,-1.96,6.76,-0.11,-0.03,0.00,paper
199,149,191,242,210,-5.53,-1.98,6.79,-0.12,-0.01,0.02,paper
197,148,191,242,208,-5.62,-2.00,6.55,-0.11,-0.03,0.01,paper
197,149,191,242,208,-5.55,-1.95,6.76,-0.12,-0.07,0.01,paper
199,148,191,240,207,-5.64,-2.07,6.97,-0.15,-0.01,0.03,paper
198,150,191,240,207,-5.87,-2.09,6.90,-0.13,-0.04,0.04,paper
198,148,192,241,209,-5.49,-2.15,6.86,-0.08,-0.04,0.06,paper
198,148,191,242,208,-5.55,-2.09,6.73,-0.10,-0.03,0.01,paper
199,148,191,241,208,-5.50,-2.07,6.74,-0.09,-0.03,-0.02,paper
200,150,190,240,207,-5.65,-2.11,6.89,-0.15,0.01,-0.02,paper
198,148,191,240,209,-5.76,-2.08,6.81,-0.07,-0.05,-0.01,paper
199,149,190,241,208,-5.57,-2.02,6.78,-0.07,-0.02,0.01,paper
201,146,191,241,208,-5.65,-1.93,6.81,-0.11,-0.03,-0.01,paper
199,149,191,241,208,-5.52,-1.93,6.85,-0.12,0.00,0.01,paper
199,147,190,241,207,-5.72,-2.09,6.70,-0.12,0.03,0.02,paper
199,150,192,241,208,-5.77,-2.20,6.76,-0.12,-0.03,0.02,paper
199,150,191,241,207,-5.63,-2.22,6.84,-0.07,-0.02,0.01,paper
198,150,190,241,209,-5.56,-2.01,6.81,-0.08,-0.06,0.03,paper
200,148,190,240,210,-5.53,-2.07,6.78,-0.14,0.00,0.01,paper
198,149,192,242,209,-5.69,-2.17,6.78,-0.12,0.01,0.01,paper
199,150,191,242,208,-5.57,-2.17,6.73,-0.07,-0.09,0.02,paper
199,150,191,240,207,-5.71,-2.32,6.85,-0.12,-0.01,0.03,paper
199,150,190,240,209,-5.72,-2.27,6.68,-0.09,-0.01,0.00,paper
197,149,190,240,208,-5.59,-2.11,6.79,-0.14,-0.05,-0.03,paper
200,149,191,241,207,-5.72,-2.15,6.67,-0.15,-0.02,-0.00,paper
199,150,190,242,209,-5.84,-2.25,6.83,-0.08,0.02,0.01,paper
197,149,190,241,209,-5.59,-2.13,6.52,-0.10,-0.03,0.01,paper
199,149,191,241,208,-5.59,-2.08,6.87,-0.10,0.03,0.01,paper
201,149,191,241,208,-5.77,-2.19,6.82,-0.11,-0.06,0.03,paper
198,149,191,240,207,-5.68,-2.15,6.66,-0.10,0.00,0.02,paper
199,148,193,241,208,-5.74,-2.25,6.85,-0.11,0.02,0.03,paper
199,150,191,241,207,-5.60,-2.13,6.86,-0.08,-0.02,0.02,paper
199,148,191,242,206,-5.82,-2.28,6.70,-0.16,0.08,0.03,paper
200,148,191,241,207,-5.88,-2.31,6.70,-0.09,0.00,0.02,paper
198,148,192,241,208,-5.64,-2.15,6.73,-0.07,-0.03,-0.01,paper
199,149,190,241,209,-5.68,-2.15,6.68,-0.11,-0.00,-0.00,paper
200,147,191,242,209,-5.71,-2.14,6.72,-0.09,-0.00,0.00,paper
197,148,191,241,208,-5.73,-2.13,6.56,-0.07,-0.04,0.01,paper
199,148,191,241,207,-5.66,-2.11,6.71,-0.11,-0.02,0.02,paper
198,148,190,241,208,-5.83,-2.18,6.68,-0.09,0.03,0.05,paper
199,149,191,239,207,-5.79,-2.22,6.66,-0.08,-0.02,0.03,paper
199,148,191,241,208,-5.67,-2.20,6.68,-0.10,-0.01,0.01,paper
198,149,191,241,209,-5.75,-2.18,6.80,-0.09,0.01,0.02,paper
197,149,191,240,207,-5.75,-2.13,6.67,-0.09,-0.00,0.01,paper
199,147,191,241,209,-5.76,-2.16,6.67,-0.09,-0.00,0.01,paper
198,148,190,242,208,-5.73,-2.14,6.72,-0.10,-0.02,0.03,paper
197,149,191,240,207,-5.79,-2.25,6.72,-0.12,0.00,0.02,paper
199,149,191,241,208,-5.85,-2.25,6.61,-0.10,-0.01,0.01,paper
199,147,192,240,208,-5.83,-2.23,6.76,-0.10,-0.01,0.02,paper
199,148,193,240,210,-5.69,-2.17,6.67,-0.11,-0.03,0.01,paper
200,147,191,241,208,-5.84,-2.18,6.63,-0.13,0.03,0.03,paper
197,147,190,241,209,-5.89,-2.24,6.57,-0.13,-0.01,0.01,paper
199,149,190,242,208,-5.86,-2.32,6.70,-0.11,0.01,-0.00,paper
199,148,191,241,207,-5.88,-2.29,6.67,-0.12,-0.05,-0.01,paper
199,148,191,241,207,-5.73,-2.28,6.69,-0.11,-0.01,0.01,paper
199,149,192,242,209,-5.90,-2.30,6.52,-0.12,-0.03,0.02,paper
200,146,191,241,208,-5.73,-2.24,6.52,-0.13,-0.04,0.01,paper
199,148,189,243,209,-5.76,-2.33,6.81,-0.11,-0.01,0.01,paper
199,147,191,241,210,-5.92,-2.32,6.59,-0.11,-0.01,0.03,paper
197,147,191,242,208,-5.83,-2.38,6.59,-0.10,-0.02,0.01,paper
198,149,191,241,208,-5.85,-2.28,6.58,-0.08,-0.05,0.00,paper
140,126,169,159,133,-2.29,-0.15,-0.84,-0.05,-0.01,0.00,scissors
140,127,170,160,134,-9.09,-0.56,-3.38,-0.14,-0.05,0.02,scissors
141,127,169,159,134,-9.04,-0.57,-3.39,-0.12,-0.02,0.01,scissors
140,127,170,160,134,-9.16,-0.49,-3.39,-0.11,-0.04,0.00,scissors
141,127,170,160,134,-9.11,-0.46,-3.37,-0.10,-0.02,0.05,scissors
140,127,170,160,134,-8.99,-0.46,-3.37,-0.12,-0.04,0.00,scissors
141,127,169,160,134,-9.23,-0.50,-3.47,-0.14,-0.02,-0.01,scissors
141,127,170,160,134,-9.06,-0.57,-3.48,-0.12,-0.03,0.00,scissors
140,126,170,160,133,-9.15,-0.50,-3.38,-0.10,-0.02,0.00,scissors
142,127,170,160,134,-9.11,-0.53,-3.47,-0.10,-0.01,-0.00,scissors
141,127,170,160,134,-9.16,-0.49,-3.44,-0.07,0.01,0.02,scissors
140,126,170,160,134,-9.05,-0.54,-3.43,-0.11,-0.06,0.00,scissors
142,127,170,160,134,-9.07,-0.49,-3.38,-0.08,0.00,0.02,scissors
141,127,170,160,134,-9.23,-0.52,-3.41,-0.10,-0.01,0.02,scissors
141,128,170,160,134,-9.04,-0.48,-3.46,-0.13,-0.01,0.01,scissors
141,127,170,160,134,-9.03,-0.62,-3.50,-0.11,0.02,0.01,scissors
140,126,170,159,133,-9.08,-0.55,-3.61,-0.14,-0.01,-0.01,scissors
141,127,170,160,134,-9.13,-0.69,-3.55,-0.10,-0.01,0.01,scissors
141,127,170,160,134,-9.07,-0.66,-3.60,-0.11,-0.01,0.01,scissors
140,127,170,160,134,-9.07,-0.68,-3.54,-0.12,0.00,-0.00,scissors
141,127,171,160,134,-9.06,-0.73,-3.52,-0.12,-0.01,-0.00,scissors
141,127,170,160,134,-9.10,-0.66,-3.49,-0.09,-0.00,0.03,scissors
141,127,171,160,134,-9.11,-0.51,-3.46,-0.10,-0.01,0.01,scissors
141,127,170,160,134,-9.14,-0.57,-3.58,-0.15,0.01,-0.00,scissors
140,127,170,159,134,-9.04,-0.68,-3.52,-0.15,-0.03,0.01,scissors
141,128,170,160,134,-9.00,-0.60,-3.48,-0.10,0.00,0.04,scissors
141,126,170,160,134,-9.22,-0.61,-3.45,-0.10,0.01,0.00,scissors
140,127,170,160,134,-9.18,-0.60,-3.41,-0.11,-0.02,0.01,scissors
141,127,170,160,135,-9.06,-0.59,-3.41,-0.11,-0.03,0.02,scissors
141,126,170,159,134,-9.18,-0.64,-3.62,-0.14,-0.02,-0.00,scissors
141,127,171,160,134,-9.07,-0.60,-3.54,-0.10,-0.00,0.03,scissors
141,127,170,160,135,-9.17,-0.57,-3.47,-0.08,0.01,0.01,scissors
141,127,170,160,134,-9.06,-0.52,-3.45,-0.10,-0.00,0.01,scissors
142,127,170,160,134,-9.06,-0.54,-3.50,-0.11,-0.02,0.01,scissors
141,127,170,160,134,-9.01,-0.52,-3.43,-0.11,-0.03,0.01,scissors
141,127,170,160,134,-9.14,-0.62,-3.59,-0.11,-0.01,-0.02,scissors
141,127,170,161,135,-9.24,-0.67,-3.64,-0.11,-0.01,0.01,scissors
141,127,170,160,134,-9.10,-0.57,-3.48,-0.10,-0.01,0.01,scissors
141,127,170,160,135,-9.07,-0.59,-3.47,-0.09,-0.01,0.02,scissors
141,127,170,161,135,-9.04,-0.56,-3.45,-0.10,-0.01,0.02,scissors
140,127,170,160,134,-9.06,-0.51,-3.50,-0.14,-0.03,0.01,scissors
142,127,171,160,135,-9.17,-0.66,-3.56,-0.13,-0.01,0.01,scissors
140,126,170,160,134,-9.01,-0.58,-3.61,-0.11,-0.00,0.01,scissors
141,127,170,160,134,-9.10,-0.55,-3.41,-0.08,-0.00,0.03,scissors
142,127,170,161,135,-9.05,-0.57,-3.51,-0.11,-0.01,0.01,scissors
140,127,170,160,134,-9.13,-0.55,-3.56,-0.11,-0.02,0.01,scissors
141,127,171,161,135,-9.06,-0.60,-3.61,-0.08,-0.01,0.02,scissors
142,127,170,161,135,-9.24,-0.58,-3.51,-0.07,0.00,0.02,scissors
140,126,170,160,134,-9.17,-0.58,-3.55,-0.11,-0.01,0.02,scissors
142,127,170,160,135,-8.93,-0.62,-3.59,-0.14,-0.03,0.01,scissors
140,126,170,160,134,-9.09,-0.55,-3.47,-0.11,-0.03,0.01,scissors
142,127,170,160,135,-9.14,-0.50,-3.51,-0.09,-0.01,0.03,scissors
142,127,171,161,135,-9.08,-0.64,-3.56,-0.10,-0.01,0.03,scissors
141,127,170,160,134,-9.17,-0.64,-3.58,-0.10,-0.01,-0.01,scissors
141,127,170,161,135,-9.15,-0.59,-3.59,-0.09,-0.01,0.01,scissors
141,127,171,160,135,-9.01,-0.62,-3.64,-0.12,-0.02,0.00,scissors
140,126,170,160,134,-9.04,-0.58,-3.51,-0.09,-0.03,0.01,scissors
141,127,171,161,135,-9.17,-0.62,-3.44,-0.09,-0.02,0.01,scissors
141,127,170,160,135,-9.08,-0.54,-3.50,-0.07,-0.01,0.02,scissors
143,127,170,160,135,-9.11,-0.62,-3.51,-0.11,-0.03,0.01,scissors
142,127,171,161,135,-9.10,-0.58,-3.47,-0.12,-0.00,0.01,scissors
141,127,170,160,134,-9.04,-0.61,-3.53,-0.10,-0.02,0.02,scissors
141,127,168,161,135,-9.19,-0.57,-3.51,-0.11,0.00,0.02,scissors
142,128,169,160,135,-9.19,-0.62,-3.55,-0.14,-0.00,0.01,scissors
141,127,165,160,134,-9.09,-0.63,-3.59,-0.08,0.00,0.02,scissors
142,128,166,161,135,-9.10,-0.60,-3.50,-0.12,-0.01,0.01,scissors
141,127,166,160,135,-9.02,-0.67,-3.59,-0.13,-0.02,0.02,scissors
141,127,167,161,134,-9.09,-0.56,-3.51,-0.08,-0.00,0.03,scissors
141,127,168,161,135,-9.05,-0.59,-3.54,-0.10,-0.01,0.02,scissors
141,127,170,160,134,-9.06,-0.51,-3.57,-0.10,-0.01,0.02,scissors
141,127,170,161,134,-9.17,-0.56,-3.46,-0.10,-0.00,0.02,scissors
142,127,169,160,135,-9.00,-0.54,-3.49,-0.11,0.00,-0.00,scissors
141,127,168,160,134,-9.06,-0.46,-3.56,-0.09,-0.01,0.02,scissors
141,128,169,161,134,-9.06,-0.51,-3.43,-0.09,-0.01,0.02,scissors
141,127,168,161,135,-9.04,-0.57,-3.46,-0.10,-0.02,0.02,scissors
140,127,169,161,135,-9.20,-0.53,-3.56,-0.08,-0.02,0.02,scissors
142,127,171,161,135,-8.83,-0.77,-3.60,-0.12,-0.07,-0.04,scissors
142,127,171,161,135,-9.22,-0.92,-3.67,-0.14,0.01,-0.04,scissors
141,127,171,160,135,-8.81,-0.79,-3.56,-0.08,-0.03,-0.03,scissors
142,128,171,161,136,-9.05,-0.89,-3.65,-0.10,-0.01,-0.05,scissors
141,127,170,161,135,-9.28,-1.05,-3.69,-0.21,-0.11,-0.01,scissors
141,127,171,161,135,-9.09,-1.13,-3.56,-0.16,-0.00,-0.01,scissors
142,127,171,161,135,-8.98,-1.21,-3.62,-0.10,-0.03,0.01,scissors
141,127,170,160,135,-8.87,-0.97,-3.51,-0.05,0.00,0.04,scissors
142,128,171,161,136,-9.00,-1.04,-3.67,-0.09,-0.02,0.02,scissors
142,127,170,161,135,-9.12,-0.97,-3.61,-0.12,-0.00,0.01,scissors
141,127,170,161,135,-9.02,-0.96,-3.49,-0.09,-0.02,0.02,scissors
142,128,171,161,137,-9.16,-1.03,-3.62,-0.12,-0.01,0.01,scissors
142,126,171,161,135,-9.11,-1.04,-3.59,-0.08,-0.00,0.04,scissors
141,127,171,161,136,-9.08,-0.89,-3.57,-0.11,-0.03,0.03,scissors
142,127,171,161,136,-9.05,-1.02,-3.64,-0.12,-0.02,0.02,scissors
141,127,170,160,135,-9.06,-1.00,-3.62,-0.12,-0.02,0.01,scissors
142,127,171,161,135,-9.06,-1.04,-3.59,-0.10,-0.02,0.02,scissors
142,127,170,161,135,-8.90,-0.97,-3.57,-0.09,-0.02,0.03,scissors
141,127,171,161,135,-9.10,-0.96,-3.55,-0.09,-0.01,0.02,scissors
142,127,171,161,136,-9.16,-0.98,-3.71,-0.10,-0.00,0.01,scissors
142,127,170,161,135,-9.07,-1.00,-3.59,-0.11,-0.02,0.01,scissors
142,127,171,161,136,-9.00,-0.99,-3.54,-0.08,-0.02,0.02,scissors
142,127,171,161,136,-9.08,-1.05,-3.59,-0.11,-0.00,0.02,scissors
141,127,170,161,135,-9.04,-0.94,-3.49,-0.09,-0.01,0.02,scissors
142,127,171,161,136,-9.07,-0.95,-3.56,-0.11,-0.02,0.02,scissors
142,127,170,161,135,-9.07,-0.95,-3.63,-0.11,0.00,-0.00,scissors
141,127,171,161,135,-9.08,-0.97,-3.68,-0.09,-0.02,0.02,scissors
142,128,171,162,136,-8.92,-0.92,-3.60,-0.10,-0.03,0.03,scissors
142,127,171,161,136,-9.05,-1.01,-3.53,-0.10,-0.01,0.01,scissors
141,127,171,161,136,-9.05,-0.98,-3.62,-0.12,0.00,0.01,scissors
142,128,171,161,136,-9.00,-0.97,-3.51,-0.11,-0.03,0.03,scissors
141,127,170,160,136,-9.07,-0.99,-3.56,-0.08,-0.02,0.02,scissors
142,127,171,161,135,-8.83,-0.93,-3.45,-0.10,-0.00,0.00,scissors
142,127,171,161,135,-9.01,-0.97,-3.52,-0.10,-0.02,0.00,scissors
141,127,170,161,135,-9.07,-0.86,-3.56,-0.11,-0.01,0.02,scissors
142,128,171,161,136,-9.03,-0.93,-3.51,-0.10,-0.01,0.02,scissors
142,126,171,161,135,-9.07,-0.98,-3.53,-0.09,-0.02,0.02,scissors
142,128,171,161,136,-9.02,-0.98,-3.60,-0.11,-0.02,0.01,scissors
142,127,171,161,136,-9.00,-1.12,-3.76,-0.13,-0.02,0.01,scissors
141,127,171,161,135,-9.05,-0.97,-3.59,-0.10,-0.01,0.02,scissors
142,127,171,161,136,-8.97,-0.94,-3.58,-0.10,-0.00,0.01,scissors
141,127,171,161,136,-9.08,-0.94,-3.62,-0.10,-0.01,0.02,scissors
142,127,170,161,135,-8.95,-0.91,-3.61,-0.12,-0.02,0.02,scissors
142,127,171,161,136,-8.93,-0.92,-3.63,-0.13,-0.03,0.01,scissors
141,127,171,161,136,-8.97,-0.97,-3.64,-0.14,-0.05,0.02,scissors
142,128,171,161,135,-8.97,-0.92,-3.61,-0.11,-0.02,0.02,scissors
142,127,171,161,136,-8.95,-0.86,-3.52,-0.09,0.00,0.01,scissors
141,127,170,161,135,-8.90,-0.95,-3.50,-0.06,-0.01,0.03,scissors
142,127,171,161,136,-9.07,-0.84,-3.62,-0.07,-0.02,0.03,scissors
141,127,171,161,136,-9.09,-0.97,-3.63,-0.12,-0.01,0.02,scissors
141,126,171,161,135,-9.08,-1.03,-3.70,-0.13,-0.00,0.01,scissors
142,127,171,161,136,-9.02,-0.93,-3.62,-0.10,-0.01,0.01,scissors
141,127,171,161,135,-9.08,-0.86,-3.62,-0.12,-0.02,0.02,scissors
142,128,171,161,136,-9.00,-0.95,-3.54,-0.09,-0.03,0.02,scissors
142,127,171,162,136,-9.01,-0.92,-3.51,-0.07,0.00,0.03,scissors
141,126,171,161,135,-9.09,-0.90,-3.51,-0.10,-0.00,0.01,scissors
142,127,171,161,136,-9.10,-0.92,-3.57,-0.11,-0.02,0.02,scissors
142,127,171,161,136,-9.14,-0.98,-3.71,-0.12,-0.01,-0.00,scissors
142,127,171,161,136,-9.11,-0.92,-3.67,-0.10,-0.00,0.00,scissors
142,127,171,162,136,-8.98,-0.88,-3.66,-0.11,-0.03,0.01,scissors
142,126,171,161,135,-8.97,-0.95,-3.73,-0.10,-0.03,0.01,scissors
142,127,171,161,136,-8.98,-0.84,-3.59,-0.11,-0.03,0.02,scissors
143,127,171,161,136,-9.01,-0.88,-3.64,-0.11,-0.02,0.01,scissors
141,127,171,161,135,-9.01,-0.90,-3.70,-0.12,-0.02,0.01,scissors
143,127,171,162,136,-9.04,-0.89,-3.55,-0.09,-0.01,0.01,scissors
141,126,171,161,136,-9.11,-0.98,-3.61,-0.07,-0.01,0.01,scissors
142,127,171,161,136,-9.12,-0.89,-3.55,-0.08,-0.00,0.02,scissors
143,127,171,162,136,-9.03,-0.86,-3.58,-0.07,-0.01,0.02,scissors
142,126,171,161,135,-8.92,-0.74,-3.52,-0.10,-0.04,0.02,scissors
142,128,171,161,136,-9.04,-0.78,-3.54,-0.08,-0.01,0.02,scissors
143,128,171,161,137,-9.00,-0.81,-3.51,-0.11,-0.03,0.02,scissors
141,127,170,161,136,-8.90,-0.85,-3.61,-0.12,-0.04,0.01,scissors
143,128,171,162,136,-8.97,-0.89,-3.65,-0.11,-0.03,0.01,scissors
142,127,170,161,136,-9.10,-0.87,-3.56,-0.08,0.00,0.02,scissors
142,127,171,161,136,-9.09,-0.84,-3.60,-0.07,-0.01,0.03,scissors
142,127,171,162,136,-9.07,-0.91,-3.61,-0.10,-0.01,0.02,scissors
142,126,171,161,136,-9.07,-0.97,-3.69,-0.11,-0.01,0.01,scissors
142,127,171,162,137,-9.14,-0.91,-3.66,-0.10,-0.02,0.04,scissors
143,127,171,161,136,-9.02,-0.91,-3.63,-0.11,-0.01,0.02,scissors
141,127,171,161,136,-9.02,-0.93,-3.54,-0.09,-0.02,0.02,scissors
142,128,172,161,137,-9.02,-0.91,-3.65,-0.10,-0.01,0.03,scissors
141,127,171,161,136,-9.01,-0.88,-3.59,-0.11,-0.01,0.02,scissors
142,127,171,162,136,-9.02,-0.88,-3.66,-0.12,-0.01,0.02,scissors
142,127,171,162,136,-8.97,-0.88,-3.65,-0.07,-0.00,0.03,scissors
142,127,170,161,135,-9.12,-0.82,-3.64,-0.10,0.01,0.03,scissors
142,127,171,161,136,-9.06,-0.84,-3.56,-0.12,-0.01,0.02,scissors
142,128,171,162,136,-9.04,-0.79,-3.68,-0.10,-0.02,0.03,scissors
142,127,171,161,136,-9.02,-0.81,-3.77,-0.11,-0.00,0.02,scissors
142,128,171,162,136,-8.99,-0.83,-3.67,-0.10,-0.02,0.03,scissors
141,127,171,161,136,-9.03,-0.84,-3.62,-0.10,0.01,0.02,scissors
142,128,171,161,136,-8.94,-0.86,-3.64,-0.07,-0.00,0.01,scissors
142,127,171,162,136,-9.00,-0.80,-3.59,-0.08,-0.02,0.02,scissors
142,127,171,161,136,-9.04,-0.78,-3.62,-0.10,-0.00,0.03,scissors
143,127,171,162,136,-9.02,-0.80,-3.64,-0.15,-0.03,0.01,scissors
142,127,171,162,136,-9.01,-0.79,-3.71,-0.12,-0.01,0.02,scissors
142,127,171,161,136,-9.05,-0.84,-3.61,-0.11,-0.01,0.01,scissors
142,127,171,162,137,-9.07,-0.83,-3.73,-0.12,-0.02,0.01,scissors
142,127,171,161,136,-9.00,-0.84,-3.60,-0.11,-0.01,0.03,scissors
142,127,171,162,137,-9.04,-0.90,-3.60,-0.11,-0.02,0.01,scissors
142,127,171,162,137,-9.03,-0.87,-3.71,-0.08,0.00,0.02,scissors
142,126,171,161,136,-9.05,-0.87,-3.71,-0.10,-0.02,0.01,scissors
143,127,172,162,136,-9.04,-0.86,-3.71,-0.11,-0.02,0.01,scissors
142,127,171,161,136,-9.05,-0.93,-3.59,-0.10,-0.02,0.02,scissors
142,127,171,161,136,-9.02,-0.92,-3.72,-0.08,-0.01,0.02,scissors
142,128,171,162,137,-9.14,-0.82,-3.57,-0.08,0.01,0.03,scissors
142,127,171,161,136,-9.14,-0.86,-3.70,-0.08,0.02,0.02,scissors
142,127,171,162,136,-9.15,-0.85,-3.63,-0.10,-0.01,0.03,scissors
142,127,171,162,136,-9.04,-0.87,-3.66,-0.11,-0.00,0.01,scissors
142,127,171,162,136,-9.05,-0.79,-3.65,-0.13,-0.02,0.01,scissors
142,127,172,162,137,-9.05,-0.84,-3.74,-0.14,-0.05,0.02,scissors
142,127,171,161,136,-8.98,-0.86,-3.76,-0.10,-0.02,0.01,scissors
141,127,171,162,136,-8.97,-0.88,-3.74,-0.12,-0.01,0.02,scissors
143,128,172,162,137,-9.07,-0.89,-3.56,-0.07,-0.01,0.00,scissors
142,127,171,161,136,-9.14,-0.75,-3.79,-0.07,-0.00,-0.00,scissors
142,128,171,162,137,-8.82,-0.68,-3.51,-0.13,-0.08,0.03,scissors
142,127,171,162,137,-8.85,-0.79,-3.58,-0.12,-0.01,0.04,scissors
141,127,171,161,136,-9.01,-0.77,-3.62,-0.12,-0.03,0.01,scissors
142,128,171,162,137,-8.95,-0.81,-3.73,-0.09,-0.01,-0.01,scissors
142,128,171,161,136,-9.05,-0.74,-3.73,-0.08,0.00,0.01,scissors
142,127,171,162,136,-9.00,-0.88,-3.64,-0.10,-0.01,0.01,scissors
143,128,171,162,137,-8.99,-0.83,-3.57,-0.10,-0.02,-0.00,scissors
142,127,171,161,136,-9.04,-0.85,-3.68,-0.08,-0.01,0.03,scissors
142,127,172,162,137,-8.97,-0.89,-3.78,-0.11,0.01,0.01,scissors
143,127,172,161,137,-8.92,-0.82,-3.73,-0.11,-0.01,0.01,scissors
142,127,171,162,136,-9.06,-0.88,-3.66,-0.10,-0.01,0.02,scissors
142,128,172,163,136,-9.02,-0.86,-3.71,-0.10,-0.01,0.02,scissors
142,128,171,162,136,-9.16,-0.87,-3.68,-0.08,0.00,0.02,scissors
142,127,171,162,136,-9.13,-0.85,-3.62,-0.08,-0.01,0.04,scissors
143,128,171,162,137,-9.04,-0.89,-3.71,-0.10,-0.01,0.02,scissors
142,127,171,161,137,-9.05,-0.91,-3.77,-0.11,-0.01,0.01,scissors
142,127,171,162,137,-9.10,-0.85,-3.64,-0.11,-0.02,0.02,scissors
142,128,172,162,137,-9.05,-0.88,-3.72,-0.10,-0.02,0.02,scissors
142,127,171,161,136,-8.94,-0.88,-3.65,-0.09,-0.00,0.02,scissors
143,128,171,163,136,-8.99,-0.79,-3.51,-0.11,-0.02,0.01,scissors
142,127,171,161,136,-9.01,-0.82,-3.72,-0.12,-0.02,0.03,scissors
143,127,171,162,137,-8.94,-0.82,-3.65,-0.11,-0.03,0.02,scissors
142,128,171,162,137,-8.98,-0.78,-3.67,-0.07,-0.03,0.02,scissors
142,127,171,161,136,-9.00,-0.79,-3.54,-0.08,-0.03,0.02,scissors
143,127,172,162,137,-9.01,-0.83,-3.63,-0.11,-0.02,0.02,scissors
143,128,171,162,137,-9.04,-0.84,-3.63,-0.10,0.00,0.00,scissors
142,127,171,161,137,-9.10,-0.82,-3.67,-0.10,-0.01,0.01,scissors
141,128,172,162,136,-8.98,-0.86,-3.65,-0.11,-0.03,0.02,scissors
142,127,171,162,137,-8.94,-0.82,-3.61,-0.09,-0.01,0.03,scissors
142,127,172,162,137,-9.00,-0.79,-3.67,-0.10,0.00,0.02,scissors
142,128,171,162,137,-8.98,-0.78,-3.55,-0.09,-0.01,0.03,scissors
141,127,171,161,136,-8.91,-0.80,-3.75,-0.11,-0.03,0.01,scissors
142,128,172,162,137,-9.02,-0.83,-3.65,-0.11,-0.01,0.01,scissors
143,127,172,162,137,-9.01,-0.81,-3.66,-0.11,-0.01,0.03,scissors
142,127,171,162,136,-8.97,-0.78,-3.73,-0.11,-0.03,0.03,scissors
142,128,172,161,137,-9.01,-0.77,-3.71,-0.09,-0.01,0.03,scissors
142,127,171,161,136,-8.96,-0.73,-3.63,-0.11,-0.00,0.02,scissors
143,127,172,162,136,-9.04,-0.82,-3.73,-0.12,-0.01,0.00,scissors
142,128,172,162,137,-9.11,-0.85,-3.73,-0.11,-0.01,-0.01,scissors
142,127,171,161,136,-9.09,-0.79,-3.74,-0.08,0.00,0.01,scissors
142,128,171,162,137,-8.96,-0.79,-3.66,-0.10,-0.01,0.02,scissors
143,127,172,162,136,-8.95,-0.83,-3.58,-0.11,-0.03,0.00,scissors
142,127,171,162,136,-9.00,-0.82,-3.66,-0.10,-0.02,0.01,scissors
143,128,172,162,137,-8.90,-0.81,-3.64,-0.10,-0.03,0.03,scissors
142,127,171,162,136,-9.01,-0.82,-3.57,-0.12,-0.02,0.02,scissors
142,127,172,162,136,-8.89,-0.73,-3.62,-0.10,-0.02,0.02,scissors
143,128,171,162,137,-8.95,-0.73,-3.62,-0.10,-0.01,0.01,scissors
142,127,171,162,136,-9.06,-0.82,-3.75,-0.12,-0.03,0.00,scissors
143,127,172,162,136,-9.06,-0.83,-3.82,-0.11,-0.02,0.00,scissors
142,127,171,162,137,-8.97,-0.88,-3.81,-0.09,-0.01,0.01,scissors
142,127,171,162,136,-9.03,-0.81,-3.65,-0.11,-0.01,0.01,scissors
143,128,172,162,137,-9.13,-0.80,-3.72,-0.09,-0.01,0.01,scissors
142,127,171,162,136,-9.04,-0.83,-3.57,-0.09,-0.01,0.02,scissors
142,127,171,162,137,-8.97,-0.80,-3.69,-0.11,-0.03,0.01,scissors
143,128,172,162,137,-9.05,-0.79,-3.67,-0.09,-0.00,0.02,scissors
142,127,171,162,136,-8.98,-0.76,-3.63,-0.10,-0.02,0.03,scissors
142,128,172,163,137,-8.88,-0.73,-3.60,-0.10,-0.02,0.03,scissors
142,128,172,162,137,-8.92,-0.71,-3.62,-0.11,-0.03,0.01,scissors
142,127,171,162,136,-8.99,-0.74,-3.73,-0.11,-0.03,0.02,scissors
143,128,172,162,137,-8.91,-0.77,-3.72,-0.11,-0.02,0.01,scissors
142,127,171,162,136,-9.04,-0.78,-3.72,-0.12,-0.02,-0.01,scissors
143,127,172,162,137,-9.10,-0.85,-3.88,-0.11,-0.02,0.02,scissors
143,128,172,162,137,-9.04,-0.81,-3.74,-0.10,-0.00,0.01,scissors
142,127,171,162,136,-9.04,-0.80,-3.60,-0.08,-0.00,0.02,scissors
142,128,172,162,137,-9.07,-0.81,-3.70,-0.09,-0.00,0.02,scissors
142,127,171,162,137,-9.03,-0.87,-3.72,-0.11,-0.02,0.00,scissors
142,127,172,161,136,-9.04,-0.77,-3.70,-0.10,-0.01,0.01,scissors
142,127,172,162,137,-9.05,-0.84,-3.76,-0.09,-0.02,0.01,scissors
142,127,171,162,136,-9.00,-0.77,-3.69,-0.11,-0.02,0.01,scissors
142,127,172,162,137,-8.97,-0.76,-3.74,-0.10,-0.03,0.02,scissors
142,128,172,162,137,-8.98,-0.79,-3.62,-0.09,0.00,0.01,scissors
142,127,171,161,136,-9.01,-0.77,-3.70,-0.09,-0.02,0.02,scissors
143,127,172,162,137,-8.97,-0.83,-3.66,-0.09,-0.01,0.01,scissors
142,127,171,162,137,-8.99,-0.86,-3.70,-0.09,-0.02,0.01,scissors
142,127,171,162,137,-8.91,-0.88,-3.68,-0.08,-0.01,0.01,scissors
143,128,172,162,137,-9.11,-0.84,-3.69,-0.12,-0.04,0.03,scissors
141,127,171,162,136,-8.83,-0.82,-3.52,-0.09,-0.03,0.04,scissors
142,127,172,163,137,-9.03,-0.83,-3.54,-0.10,-0.02,0.01,scissors
143,128,172,162,137,-8.96,-0.70,-3.80,-0.09,-0.02,0.01,scissors
142,127,171,161,136,-8.98,-0.72,-3.80,-0.10,-0.01,0.04,scissors
143,127,172,162,137,-8.99,-0.79,-3.84,-0.08,0.02,0.04,scissors
142,127,171,162,137,-9.25,-0.79,-3.90,-0.10,-0.03,-0.00,scissors
142,127,171,162,137,-9.02,-0.76,-3.91,-0.12,-0.02,0.05,scissors
143,127,172,162,137,-8.88,-0.82,-3.83,-0.10,-0.02,0.03,scissors
142,127,172,162,137,-9.17,-0.83,-3.81,-0.12,-0.03,-0.02,scissors
142,128,172,162,137,-9.09,-0.73,-3.94,-0.10,-0.00,0.01,scissors
143,127,172,162,137,-9.20,-0.85,-3.99,-0.11,-0.02,-0.01,scissors
142,127,171,162,136,-9.10,-0.67,-3.73,-0.12,-0.05,0.01,scissors
143,127,173,162,137,-8.92,-0.79,-3.69,-0.12,-0.01,0.04,scissors
141,127,172,162,137,-9.11,-0.79,-3.79,-0.11,-0.01,0.01,scissors
142,127,172,162,137,-9.08,-0.80,-3.83,-0.10,0.01,0.02,scissors
143,128,172,162,137,-8.94,-0.73,-3.78,-0.09,-0.02,0.00,scissors
142,127,171,162,137,-9.12,-0.61,-3.73,-0.09,-0.01,0.01,scissors
143,128,172,162,137,-9.10,-0.69,-3.83,-0.12,-0.01,0.00,scissors
143,128,172,162,137,-8.94,-0.70,-3.73,-0.12,-0.03,0.02,scissors
142,127,171,162,136,-9.10,-0.73,-3.72,-0.12,-0.02,0.02,scissors
143,128,172,162,137,-8.99,-0.79,-3.88,-0.11,-0.01,0.02,scissors
143,127,171,162,137,-9.05,-0.76,-3.81,-0.09,0.02,0.03,scissors
142,127,172,162,137,-9.06,-0.72,-3.75,-0.11,-0.01,0.02,scissors
143,128,172,162,137,-9.12,-0.76,-3.85,-0.11,-0.03,0.01,scissors
142,127,172,162,137,-8.95,-0.76,-3.90,-0.10,-0.01,0.03,scissors
142,127,172,162,137,-8.92,-0.67,-3.78,-0.11,-0.03,0.01,scissors
142,127,172,162,137,-9.05,-0.77,-3.76,-0.11,-0.02,0.02,scissors
142,127,172,162,137,-8.90,-0.64,-3.70,-0.09,-0.01,0.02,scissors
143,128,172,162,138,-9.01,-0.71,-3.76,-0.10,-0.01,0.01,scissors
142,127,172,162,137,-9.06,-0.76,-3.74,-0.09,-0.00,0.03,scissors
142,127,172,162,137,-9.14,-0.77,-3.73,-0.10,0.00,0.03,scissors
143,128,172,162,137,-9.05,-0.70,-3.94,-0.11,-0.00,0.01,scissors
142,127,171,162,137,-8.97,-0.72,-3.75,-0.09,-0.01,0.02,scissors
143,127,172,162,137,-8.95,-0.74,-3.76,-0.10,-0.02,0.01,scissors
143,128,172,163,137,-9.01,-0.71,-3.75,-0.11,-0.02,0.01,scissors
142,127,171,162,137,-9.05,-0.73,-3.81,-0.08,-0.01,0.02,scissors
142,127,172,162,139,-9.05,-0.70,-3.79,-0.11,-0.01,0.02,scissors
143,127,172,162,137,-9.00,-0.70,-3.65,-0.11,-0.03,0.02,scissors
143,127,172,162,137,-9.04,-0.69,-3.79,-0.11,-0.02,0.01,scissors
143,128,172,162,137,-8.99,-0.73,-3.81,-0.12,-0.03,0.02,scissors
142,127,172,162,137,-9.00,-0.68,-3.70,-0.11,-0.03,0.02,scissors
143,128,172,162,138,-8.96,-0.76,-3.80,-0.11,-0.02,0.02,scissors
142,127,172,162,138,-8.95,-0.75,-3.83,-0.08,0.00,0.01,scissors
142,127,171,162,137,-9.01,-0.70,-3.82,-0.10,-0.01,0.01,scissors
142,128,172,163,137,-9.01,-0.72,-3.71,-0.12,-0.01,0.02,scissors
143,127,172,162,137,-9.03,-0.70,-3.71,-0.10,-0.01,0.02,scissors
142,127,172,162,137,-9.07,-0.69,-3.78,-0.09,0.00,0.02,scissors
143,128,172,162,138,-8.96,-0.76,-3.73,-0.08,-0.01,0.01,scissors
142,127,172,162,136,-9.02,-0.69,-3.78,-0.10,-0.01,0.00,scissors
144,127,173,163,137,-8.90,-0.75,-3.79,-0.11,-0.01,0.01,scissors
143,127,173,162,137,-9.05,-0.81,-3.80,-0.10,-0.02,0.01,scissors
142,127,172,162,137,-9.00,-0.77,-3.77,-0.11,-0.02,0.02,scissors
141,128,173,162,137,-9.09,-0.78,-3.85,-0.11,-0.02,0.02,scissors
143,127,171,162,137,-9.07,-0.74,-3.80,-0.09,0.01,0.02,scissors
143,128,172,162,137,-9.03,-0.70,-3.74,-0.10,0.00,0.03,scissors
143,128,172,163,137,-8.96,-0.79,-3.80,-0.11,-0.03,0.02,scissors
142,127,172,162,137,-8.97,-0.68,-3.74,-0.10,-0.01,0.01,scissors
142,128,172,163,137,-9.05,-0.68,-3.81,-0.10,-0.01,0.02,scissors
144,128,172,162,137,-9.01,-0.70,-3.79,-0.11,-0.01,0.03,scissors
142,127,172,162,137,-8.99,-0.74,-3.85,-0.11,-0.01,0.01,scissors
143,128,172,163,138,-8.92,-0.68,-3.75,-0.09,-0.01,0.03,scissors
143,127,171,162,137,-8.88,-0.65,-3.69,-0.10,-0.02,0.03,scissors
143,127,172,162,138,-8.84,-0.63,-3.73,-0.10,-0.03,0.02,scissors
143,127,172,163,138,-8.92,-0.61,-3.69,-0.12,-0.02,0.01,scissors
143,127,171,162,136,-8.86,-0.70,-3.82,-0.11,-0.04,0.02,scissors
144,128,172,163,138,-8.91,-0.76,-3.90,-0.10,-0.01,0.01,scissors
143,128,172,162,137,-9.03,-0.70,-3.67,-0.10,0.00,0.01,scissors
142,127,172,162,137,-9.01,-0.71,-3.72,-0.11,-0.03,0.02,scissors
143,128,172,162,137,-8.93,-0.70,-3.84,-0.10,-0.02,0.02,scissors
143,127,172,161,137,-9.05,-0.67,-3.60,-0.08,0.01,0.02,scissors
143,127,172,162,137,-8.96,-0.73,-3.68,-0.11,-0.03,0.02,scissors
143,128,172,162,137,-8.85,-0.78,-3.66,-0.11,-0.03,0.00,scissors
142,127,172,162,137,-9.02,-0.76,-3.79,-0.11,-0.02,0.01,scissors
143,127,172,162,137,-9.08,-0.69,-3.77,-0.13,-0.02,0.02,scissors
143,128,172,162,138,-8.92,-0.78,-3.83,-0.12,-0.01,0.00,scissors
142,127,172,162,137,-9.03,-0.75,-3.87,-0.10,0.00,0.02,scissors
143,128,172,162,138,-9.08,-0.79,-3.70,-0.08,0.00,0.02,scissors
143,127,172,162,138,-9.00,-0.71,-3.85,-0.09,-0.01,-0.01,scissors
143,127,172,162,137,-9.07,-0.71,-3.77,-0.09,-0.01,0.03,scissors
143,128,172,163,137,-8.97,-0.68,-3.77,-0.10,-0.02,0.03,scissors
142,127,172,162,137,-8.95,-0.72,-3.74,-0.10,-0.02,0.03,scissors
143,127,172,163,138,-8.97,-0.73,-3.76,-0.09,-0.00,0.01,scissors
143,128,172,162,137,-8.93,-0.72,-3.84,-0.09,-0.00,0.01,scissors
142,127,172,162,137,-9.01,-0.65,-3.60,-0.09,-0.01,0.02,scissors
143,128,172,163,138,-9.05,-0.74,-3.83,-0.11,-0.02,0.01,scissors
142,127,172,162,137,-8.99,-0.79,-3.74,-0.11,-0.02,0.01,scissors
143,127,172,162,138,-8.97,-0.77,-3.80,-0.11,-0.01,0.01,scissors
143,127,172,163,138,-8.99,-0.72,-3.83,-0.11,-0.01,0.02,scissors
143,127,171,162,137,-8.93,-0.70,-3.73,-0.10,-0.02,0.03,scissors
143,128,172,163,138,-8.99,-0.72,-3.76,-0.11,-0.03,0.02,scissors
143,127,172,162,137,-8.94,-0.69,-3.86,-0.10,-0.02,0.03,scissors
143,127,172,162,137,-8.94,-0.75,-3.86,-0.09,0.00,0.02,scissors
143,128,172,163,138,-9.02,-0.78,-3.79,-0.11,-0.00,0.01,scissors
143,127,171,162,137,-8.91,-0.71,-3.74,-0.09,-0.01,0.00,scissors
143,128,172,163,138,-8.94,-0.69,-3.76,-0.10,-0.02,0.01,scissors
143,127,172,163,138,-8.94,-0.68,-3.65,-0.10,-0.03,0.02,scissors
142,127,171,162,137,-8.99,-0.72,-3.75,-0.12,-0.02,0.02,scissors
143,128,173,163,138,-9.02,-0.70,-3.86,-0.10,-0.00,0.01,scissors
143,127,172,162,137,-9.02,-0.72,-3.74,-0.11,-0.02,0.01,scissors
143,127,172,162,137,-9.04,-0.72,-3.81,-0.10,-0.03,0.02,scissors
143,128,172,163,138,-8.93,-0.68,-3.71,-0.09,-0.02,0.01,scissors
142,127,172,162,137,-8.96,-0.64,-3.73,-0.09,-0.01,0.01,scissors
143,127,172,162,138,-9.10,-0.68,-3.82,-0.11,-0.02,0.02,scissors
144,128,172,163,138,-9.01,-0.77,-3.83,-0.12,-0.03,0.01,scissors
142,127,172,162,138,-8.96,-0.73,-3.86,-0.11,-0.02,0.01,scissors
143,128,172,162,138,-8.99,-0.70,-3.80,-0.12,-0.01,0.00,scissors
143,127,172,162,137,-9.01,-0.69,-3.85,-0.10,-0.01,0.01,scissors
143,127,172,162,138,-8.96,-0.72,-3.76,-0.10,-0.02,0.01,scissors
143,128,172,163,138,-9.08,-0.69,-3.82,-0.11,-0.02,0.02,scissors
142,127,172,162,137,-8.89,-0.68,-3.76,-0.11,-0.01,0.02,scissors
143,128,172,163,138,-8.91,-0.68,-3.82,-0.11,-0.02,0.02,scissors
143,127,172,163,138,-8.90,-0.75,-3.82,-0.10,-0.01,0.02,scissors
143,127,172,162,137,-9.00,-0.71,-3.76,-0.10,-0.01,0.02,scissors
143,127,172,163,138,-9.05,-0.74,-3.81,-0.10,-0.01,0.01,scissors
142,127,172,163,138,-8.99,-0.73,-3.73,-0.11,-0.01,0.01,scissors
142,127,172,163,138,-9.00,-0.85,-3.84,-0.11,-0.03,0.01,scissors
143,128,172,163,138,-9.05,-0.78,-3.84,-0.09,-0.01,0.02,scissors
143,127,172,162,137,-8.91,-0.73,-3.75,-0.10,-0.00,0.03,scissors
143,128,173,163,138,-9.00,-0.75,-3.77,-0.11,-0.02,0.01,scissors
144,128,172,163,138,-9.06,-0.75,-3.91,-0.11,-0.00,0.01,scissors
142,127,171,162,137,-9.00,-0.78,-3.78,-0.11,-0.01,0.02,scissors
143,127,172,163,138,-9.03,-0.79,-3.95,-0.12,-0.04,0.01,scissors
143,128,172,162,138,-8.84,-0.79,-3.77,-0.09,-0.01,0.03,scissors
143,127,172,162,138,-9.00,-0.72,-3.79,-0.10,-0.03,0.01,scissors
143,128,172,163,139,-8.98,-0.68,-3.81,-0.10,-0.01,0.03,scissors
143,127,172,162,137,-9.04,-0.68,-3.72,-0.11,0.00,0.02,scissors
143,127,172,163,138,-9.05,-0.71,-3.80,-0.12,0.01,0.03,scissors
144,128,172,163,138,-9.03,-0.74,-3.88,-0.11,-0.02,0.02,scissors
142,127,172,162,138,-8.94,-0.71,-3.81,-0.10,-0.01,0.02,scissors
144,128,173,163,138,-8.88,-0.76,-3.79,-0.10,-0.02,0.01,scissors
143,127,172,162,138,-9.01,-0.69,-3.81,-0.09,-0.02,0.02,scissors
143,127,171,162,138,-9.01,-0.72,-3.77,-0.11,-0.02,0.03,scissors
144,128,172,162,138,-9.03,-0.70,-3.82,-0.09,0.01,0.02,scissors
142,127,172,162,137,-8.99,-0.72,-3.79,-0.10,-0.01,0.01,scissors
143,127,172,163,138,-9.01,-0.68,-3.75,-0.10,-0.02,0.01,scissors
144,128,172,162,138,-9.02,-0.76,-3.82,-0.12,-0.03,0.00,scissors
142,127,172,162,138,-8.97,-0.72,-3.83,-0.11,-0.02,0.02,scissors
143,128,172,162,138,-8.99,-0.73,-3.85,-0.12,-0.01,0.01,scissors
143,127,172,162,138,-9.01,-0.77,-3.81,-0.12,-0.03,0.03,scissors
143,128,172,163,138,-8.93,-0.71,-3.85,-0.09,-0.02,0.03,scissors
143,128,172,163,138,-8.94,-0.72,-3.84,-0.10,-0.01,0.01,scissors
143,127,172,162,137,-9.02,-0.68,-3.78,-0.11,-0.01,0.02,scissors
144,128,172,163,138,-8.99,-0.75,-3.76,-0.10,-0.01,0.03,scissors
144,128,172,163,138,-9.12,-0.66,-3.71,-0.09,-0.00,0.02,scissors
143,127,172,162,138,-8.94,-0.71,-3.82,-0.09,-0.02,0.01,scissors
143,127,173,163,138,-8.89,-0.70,-3.78,-0.11,-0.03,0.03,scissors
143,127,172,162,138,-8.83,-0.66,-3.70,-0.11,-0.01,0.02,scissors
143,127,172,162,138,-8.93,-0.68,-3.53,-0.08,-0.06,-0.01,scissors
143,128,172,163,138,-9.11,-0.78,-3.88,-0.09,-0.01,0.00,scissors
142,127,171,162,138,-8.98,-0.79,-3.70,-0.10,-0.01,0.02,scissors
143,127,172,163,138,-9.04,-0.74,-3.67,-0.09,-0.03,0.02,scissors
145,128,172,163,138,-8.95,-0.74,-3.66,-0.08,-0.02,0.03,scissors
143,127,172,162,138,-8.98,-0.77,-3.73,-0.07,-0.00,0.01,scissors
142,128,172,163,139,-9.14,-0.65,-3.59,-0.10,-0.02,0.01,scissors
143,127,172,162,138,-9.03,-0.81,-3.79,-0.08,-0.00,0.04,scissors
143,127,172,162,138,-8.92,-0.74,-3.62,-0.08,-0.01,0.04,scissors
143,128,172,163,138,-8.91,-0.76,-3.73,-0.09,-0.03,0.03,scissors
143,127,172,162,137,-8.94,-0.85,-3.79,-0.11,-0.01,-0.01,scissors
143,127,172,163,139,-9.08,-0.80,-3.62,-0.08,0.00,0.00,scissors
144,127,172,163,138,-9.06,-0.79,-3.75,-0.10,-0.01,0.01,scissors
143,127,172,162,138,-8.99,-0.77,-3.67,-0.07,-0.01,0.02,scissors
144,128,173,163,139,-9.01,-0.77,-3.62,-0.10,-0.02,0.02,scissors
142,127,172,162,139,-8.96,-0.82,-3.72,-0.09,-0.01,0.02,scissors
143,127,172,163,138,-9.03,-0.76,-3.73,-0.09,0.02,0.02,scissors
143,128,172,162,139,-9.07,-0.75,-3.74,-0.11,0.00,0.02,scissors
143,127,172,163,138,-8.97,-0.90,-3.80,-0.12,-0.02,0.02,scissors
143,127,172,163,138,-8.85,-0.79,-3.73,-0.11,-0.02,0.02,scissors
143,127,172,162,138,-9.01,-0.86,-3.73,-0.11,-0.01,0.02,scissors
143,127,172,162,138,-8.90,-0.85,-3.76,-0.09,-0.01,0.02,scissors
144,128,172,163,139,-9.05,-0.80,-3.73,-0.10,-0.01,0.01,scissors
143,127,172,162,138,-8.95,-0.82,-3.81,-0.11,-0.03,0.01,scissors
143,127,172,163,139,-8.92,-0.91,-3.81,-0.11,-0.03,0.01,scissors
144,127,172,163,139,-8.97,-0.88,-3.76,-0.11,-0.01,0.00,scissors
143,127,172,162,138,-8.98,-0.86,-3.85,-0.11,-0.02,0.01,scissors
144,128,173,163,138,-8.95,-0.89,-3.82,-0.08,-0.01,0.02,scissors
143,127,172,163,138,-8.96,-0.72,-3.67,-0.09,-0.00,0.03,scissors
143,127,172,162,139,-9.01,-0.79,-3.77,-0.11,-0.02,0.01,scissors
143,128,172,163,139,-9.01,-0.82,-3.79,-0.08,-0.00,0.02,scissors
142,126,172,162,138,-8.94,-0.87,-3.78,-0.10,-0.01,0.02,scissors
143,127,172,163,139,-8.87,-0.86,-3.81,-0.10,-0.03,0.01,scissors
144,128,172,163,139,-9.02,-0.85,-3.76,-0.09,-0.01,0.01,scissors
143,127,172,162,138,-8.99,-0.75,-3.66,-0.12,-0.03,0.02,scissors
143,128,172,163,139,-9.06,-0.77,-3.86,-0.09,-0.01,0.02,scissors
143,127,172,162,138,-9.00,-0.82,-3.87,-0.11,-0.02,0.01,scissors
143,127,172,163,138,-8.98,-0.80,-3.76,-0.12,-0.02,0.02,scissors
144,127,172,163,139,-8.94,-0.85,-3.90,-0.13,-0.03,0.01,scissors
143,127,172,162,139,-9.02,-0.79,-3.77,-0.12,-0.00,0.02,scissors
143,127,172,163,139,-9.00,-0.81,-3.83,-0.10,-0.01,0.01,scissors
144,128,172,163,139,-8.95,-0.88,-3.91,-0.07,-0.00,0.00,scissors
143,127,172,162,138,-9.11,-0.76,-3.71,-0.08,-0.01,-0.00,scissors
144,127,173,163,139,-9.09,-0.80,-3.76,-0.11,-0.03,0.03,scissors
143,127,172,162,139,-8.96,-0.89,-3.91,-0.11,-0.02,0.02,scissors
143,127,173,162,139,-9.04,-0.87,-3.85,-0.11,-0.00,0.01,scissors
144,128,173,163,139,-9.00,-0.83,-3.72,-0.09,0.00,0.02,scissors
143,127,172,163,138,-9.02,-0.90,-3.80,-0.06,-0.01,0.01,scissors
143,127,173,162,139,-9.08,-0.81,-3.71,-0.09,-0.01,0.02,scissors
144,128,172,163,139,-8.96,-0.76,-3.68,-0.10,-0.02,0.03,scissors
143,127,172,162,138,-8.88,-0.76,-3.74,-0.12,-0.05,0.02,scissors
143,127,173,162,139,-8.99,-0.81,-3.82,-0.13,-0.02,0.01,scissors
143,127,172,163,138,-8.99,-0.79,-3.78,-0.11,-0.02,0.02,scissors
143,127,172,163,139,-9.02,-0.87,-3.78,-0.09,-0.01,0.02,scissors
144,128,173,163,139,-9.06,-0.85,-3.80,-0.07,-0.00,0.02,scissors
143,127,172,163,139,-9.04,-0.84,-3.70,-0.08,-0.01,0.02,scissors
143,128,172,163,139,-8.98,-0.75,-3.73,-0.10,-0.02,0.02,scissors
144,127,172,163,139,-8.97,-0.83,-3.76,-0.10,-0.02,0.01,scissors
143,127,172,163,138,-9.00,-0.85,-3.86,-0.12,-0.00,0.01,scissors
144,128,173,163,139,-9.02,-0.91,-3.83,-0.10,-0.02,0.02,scissors
144,127,172,163,139,-8.95,-0.90,-3.77,-0.10,-0.03,0.02,scissors
143,127,172,163,139,-8.98,-0.72,-3.76,-0.09,-0.02,0.03,scissors
144,128,173,163,139,-8.98,-0.74,-3.84,-0.11,-0.03,0.01,scissors
143,127,172,162,138,-8.94,-0.75,-3.87,-0.12,-0.02,0.01,scissors
144,127,173,163,139,-8.95,-0.79,-3.84,-0.12,-0.02,0.02,scissors
144,127,172,163,139,-8.97,-0.73,-3.87,-0.11,-0.01,0.02,scissors
143,127,172,162,138,-8.97,-0.80,-3.81,-0.11,-0.01,0.02,scissors
144,128,173,163,139,-9.02,-0.79,-3.81,-0.11,-0.02,0.01,scissors
142,128,172,162,139,-8.98,-0.82,-3.77,-0.10,-0.01,0.02,scissors
144,127,173,163,139,-9.01,-0.80,-3.71,-0.10,-0.02,0.01,scissors
144,128,173,163,139,-9.04,-0.72,-3.83,-0.09,-0.02,0.02,scissors
143,127,172,162,139,-9.04,-0.74,-3.82,-0.07,-0.00,0.03,scissors
144,128,172,163,139,-9.02,-0.79,-3.69,-0.10,-0.02,0.02,scissors
143,127,172,163,139,-8.97,-0.76,-3.73,-0.12,-0.03,0.01,scissors
143,127,172,163,139,-9.05,-0.78,-3.92,-0.10,0.01,0.01,scissors
144,128,173,163,140,-9.01,-0.74,-3.82,-0.10,-0.00,0.02,scissors
144,127,172,163,139,-9.01,-0.83,-3.81,-0.10,-0.01,0.02,scissors
143,127,172,163,139,-9.02,-0.77,-3.80,-0.10,0.00,0.02,scissors
144,128,173,163,139,-9.05,-0.79,-3.84,-0.10,-0.00,0.01,scissors
143,127,172,162,139,-8.98,-0.80,-3.85,-0.10,-0.01,0.01,scissors
144,127,173,163,140,-8.94,-0.79,-3.78,-0.09,-0.02,0.02,scissors
143,127,172,163,139,-8.97,-0.80,-3.81,-0.09,-0.01,0.02,scissors
143,127,172,163,139,-8.95,-0.73,-3.82,-0.10,-0.01,0.01,scissors
144,128,172,163,140,-9.05,-0.78,-3.79,-0.10,-0.02,0.01,scissors
143,128,172,163,139,-9.01,-0.79,-3.91,-0.10,-0.01,0.02,scissors
144,127,173,163,140,-8.99,-0.85,-3.90,-0.10,-0.01,0.01,scissors
144,128,173,163,139,-8.95,-0.80,-3.85,-0.11,-0.02,0.01,scissors
